plan_index,status,title,parent_category,subject,material_category,file_count,size_mb,upload_mode_hint,tags,description
1,skipped_by_default_policy,C++ Primer Plus：中文版（第六版） (Stephen Prata) (Z-Library),课程,c++,教材,1,300.84,single_page_multi_file,c++ | 教材 | C++ | C++ Primer Plus | 第六版 | 中文版,收录c++相关教材，共1个文件，约300.8MB。关键词：C++、C++ Primer Plus、第六版、中文版、教材。内容概览：C++ Primer Plus（第六版）中文版，由Stephen Prata编写，是C++编程语言的经典入门教材，涵盖基础语法、面向对象编程、模板、STL等核心知识点，适合初学者系统学习C++。
2,skipped_by_default_policy,python教材,课程,python,教材,2,89.69,single_page_multi_file,python | 教材 | Python | 数学实验 | 建模 | 司守奎 | 孙玺菁 | Python编程 | 从入门到实践,收录python相关教材，共2个文件，约89.7MB。关键词：教材、Python、数学实验、建模、司守奎、孙玺菁、Python编程、从入门到实践。内容概览：Python数学实验与建模教材，由司守奎和孙玺菁编写，涵盖Python在数学实验与建模中的应用，适合高校数学、统计及计算机专业学生使用。 《Python编程：从入门到实践（第3版）》由埃里克·马瑟斯著，袁国忠译。本书涵盖Python基础与实战，包括编程环境搭建、变量、字符串等，适合初学者入门。
3,uploaded,习思想_习概复习资料,课程,习思想_习概,复习资料,8,16.99,single_page_multi_file,习思想_习概 | 复习资料 | 十五五规划 | 习概 | 时政 | 2025年 | 习近平新时代中国特色社会主义思想 | 导论 | 国民经济和社会发展 | 习近平思想,收录习思想_习概相关复习资料，共8个文件，约17.0MB。关键词：十五五规划、习概、时政、2025年、习近平新时代中国特色社会主义思想、导论、国民经济和社会发展、习近平思想。内容概览：中共中央关于制定国民经济和社会发展第十五个五年规划的建议，于2025年10月23日由中国共产党第二十届中央委员会第四次全体会议通过。文件分析了国际国内形势，总结了十四五时期成就，明确了十五五时期作为基本实现社会主义现代化关键时期的定位，提出了指导方针和主要目标，强调贯彻习近平新时代中国特色社会主义思想，推动高质量发展。全文包含划重点内容，便于学习理解。 该文
4,uploaded,习思想_习概实验资料,课程,习思想_习概,实验资料,5,7.44,single_page_multi_file,习思想_习概 | 实验资料 | 习近平新时代中国特色社会主义思想 | 二十大报告 | 习概 | 提纲 | 中国特色社会主义 | 中国式现代化 | 二十届四中全会 | 十五五规划,收录习思想_习概相关实验资料，共5个文件，约7.4MB。关键词：习近平新时代中国特色社会主义思想、二十大报告、习概、提纲、中国特色社会主义、中国式现代化、二十届四中全会、十五五规划。内容概览：该报告深入解析了二十届四中全会战略全景与“十五五”规划，涵盖会议议程、政治逻辑、发展环境研判、核心目标、科技创新、新质生产力、经济体制改革及高水平对外开放等核心内容。 该文件为《习概提纲（重排版+二十大报告）》，包含导论及第一章内容，涵盖习近平新时代中国特色社会主义思想创立的时代背景、两个结合、主要内容、历史地位、两个确立，以及新时代坚持和发展中国特色社会主
5,uploaded,习思想_习概往年题,课程,习思想_习概,往年题,8,18.61,single_page_multi_file,习思想_习概 | 往年题 | 习概 | 习近平新时代中国特色社会主义思想 | 导论 | 2024-2025 | 题库 | 混合 | 新时代 | 中国梦,收录习思想_习概相关往年题，共8个文件，约18.6MB。关键词：习概、习近平新时代中国特色社会主义思想、导论、2024-2025、题库、混合、新时代、中国梦。内容概览：华中科技大学2024-2025学年第一学期《习近平新时代中国特色社会主义思想概论》A卷回忆版，开卷考试，时长120分钟。包含20道单项选择题，覆盖新时代社会主要矛盾、思想建党、马克思主义中国化时代化、文化自信、总体国家安全观、教育定位、新时代课题、实体经济、六个必须坚持、四个全面、新发展阶段、新发展格局、统一战线、全面依法治国、人民之问、自我革命、生态文明等
6,skipped_by_default_policy,习思想_习概教材,课程,习思想_习概,教材,4,4.53,single_page_multi_file,习思想_习概 | 教材 | 马克思主义基本原理 | 复习提纲 | 知识点 | 2023 | 习思想 | 中国特色社会主义 | 中国式现代化 | 党的领导,收录习思想_习概相关教材，共4个文件，约4.5MB。关键词：马克思主义基本原理、复习提纲、知识点、2023、习思想、中国特色社会主义、中国式现代化、党的领导。内容概览：该文档为《习概》课程各章重点题目提纲与页码索引，涵盖习近平新时代中国特色社会主义思想、中国特色社会主义、中国式现代化、党的领导、改革开放、高质量发展等核心知识点，按章节列出关键问题及对应教材页码，便于复习检索。 该文件为《马克思主义基本原理》复习提纲，基于2023年修订版教材，涵盖导论和第一章内容，包括马克思主义的定义、三个组成部分、创立背景、鲜明特征，以及
7,uploaded,习近平总书记教育重要论述讲义,课程,习思想_习概,课件,1,0.42,single_page_multi_file,习思想_习概 | 课件 | 习近平总书记教育重要论述 | 教育强国 | 时代背景 | 讲义,收录习思想_习概相关课件，共1个文件，约0.4MB。关键词：习近平总书记教育重要论述、教育强国、时代背景、讲义。内容概览：该文本为《习近平总书记教育重要论述讲义》导言部分，阐述了习近平总书记教育重要论述的时代背景，包括全球发展大势、中国特色社会主义进入新时代以及中国教育改革发展历史经验等，强调教育的基础性、先导性、全局性地位和作用。
8,uploaded,习思想_习概课程资料,课程,习思想_习概,课程资料,7,33.45,single_page_multi_file,习思想_习概 | 课程资料 | 中国式现代化 | 十五五规划 | 习近平 | 公报 | 二十届四中全会 | 两个确立 | 两个维护 | 四个意识,收录习思想_习概相关课程资料，共7个文件，约33.4MB。关键词：中国式现代化、十五五规划、习近平、公报、二十届四中全会、两个确立、两个维护、四个意识。内容概览：文档系统总结了习近平新时代中国特色社会主义思想的核心内容，包括政治准则、思想政治基础、理论核心、实践方略、实践成果和立场观点方法。 中共中央关于进一步全面深化改革、推进中国式现代化的决定，是指导当前和今后一个时期改革发展的纲领性文件，涵盖经济、政治、文化、社会、生态文明等各领域改革部署。
9,uploaded,信号与系统吴大正,课程,信号与系统,吴大正,16,28.7,single_page_multi_file,信号与系统 | 吴大正 | 教案 | 电子教案 | 西安电子科技大学 | 时域分析 | 离散系统 | 差分方程 | 傅里叶变换,收录信号与系统相关吴大正，共16个文件，约28.7MB。关键词：信号与系统、教案、电子教案、西安电子科技大学、时域分析、离散系统、差分方程、傅里叶变换。内容概览：该文档为西安电子科技大学《信号与系统》课程第一章电子教案，涵盖信号与系统的基本概念、信号的描述与分类、信号的基本运算、阶跃函数和冲激函数、系统的性质及分类、系统的描述以及LTI系统分析方法概述。 信号与系统课程第1章教学PPT，包含基本概念与课程介绍。
10,skipped_by_default_policy,信号与系统复习资料,课程,信号与系统,复习资料,15,201.82,single_page_multi_file,信号与系统 | 复习资料 | 习题解答 | 傅里叶变换 | 笔记 | LTI系统 | Cheat Sheet | Hikari | ver2.0,收录信号与系统相关复习资料，共15个文件，约201.8MB。关键词：信号与系统、习题解答、傅里叶变换、笔记、LTI系统、Cheat Sheet、Hikari、ver2.0。内容概览：本章介绍z变换的定义、收敛域（ROC）、逆z变换、几何求傅里叶变换、性质、常用变换对、LTI系统分析与表征、系统函数代数与框图、单边z变换。重点包括z变换与拉普拉斯变换、傅里叶变换的关系，以及ROC的性质。 本章介绍线性反馈系统的概念、应用及后果，重点讲解根轨迹分析和奈奎斯特稳定性判据，并讨论增益裕度和相位裕度。反馈可降低系统对扰动和误差的灵敏度，闭环系统相
11,uploaded,信号与系统往年题,课程,信号与系统,往年题,10,67.76,single_page_multi_file,信号与系统 | 往年题 | 华中科技大学 | 答案 | 期末试题 | 拉普拉斯变换 | 系统函数 | 单位冲激响应 | 期末考试,收录信号与系统相关往年题，共10个文件，约67.8MB。关键词：信号与系统、华中科技大学、答案、期末试题、拉普拉斯变换、系统函数、单位冲激响应、期末考试。内容概览：2025-2026学年第一学期《信号与系统》期末考试参考答案，包含填空题和选择题的详细解答。 2025年电信专业信号与系统真题（记忆版），包含单选题、简答题和计算题，涵盖LTI系统、傅里叶变换、Z变换、系统函数等知识点。
12,skipped_by_default_policy,信号与系统教材,课程,信号与系统,教材,15,387.76,single_page_multi_file,"信号与系统 | 教材 | 奥本海姆 | 第二版 | 信号与线性系统 | 管致中 | 第六版 | 信号与系统, 奥本海姆, 第二版, 教材","收录信号与系统相关教材，共15个文件，约387.8MB。关键词：教材、信号与系统、奥本海姆、第二版、信号与线性系统、管致中、第六版、信号与系统, 奥本海姆, 第二版, 教材。内容概览：奥本海姆《信号与系统》第二版中文译本PDF，由西安交通大学出版社出版。 信号与系统教材勘误表，包含P11至P101的更正内容。"
13,uploaded,信号与系统课件,课程,信号与系统,课件,10,122.56,single_page_multi_file,"信号与系统 | 课件 | 傅里叶级数 | 课程讲义 | 周期信号 | 信号处理, 信号产生电路, 信号与系统 | 信号与系统, 狄拉克δ函数, 连续时间信号, 冲激响应, 采 | S&S | HUST","收录信号与系统相关课件，共10个文件，约122.6MB。关键词：信号与系统、傅里叶级数、课程讲义、周期信号、信号处理, 信号产生电路, 信号与系统、信号与系统, 狄拉克δ函数, 连续时间信号, 冲激响应, 采、S&S、HUST。内容概览：信号处理与信号产生电路的PPT课件 信号与系统课程讲义，介绍狄拉克δ函数的定义、性质及其在系统分析中的应用。"
14,uploaded,信号与系统课程资料,课程,信号与系统,课程资料,14,99.0,single_page_multi_file,信号与系统 | 课程资料 | signals and systems | Fourier series | Fourier transform | 状态表示 | 状态变量 | 状态方程 | PDF,"收录信号与系统相关课程资料，共14个文件，约99.0MB。关键词：信号与系统、signals and systems、Fourier series、Fourier transform、状态表示、状态变量、状态方程、PDF。内容概览：信号与系统课程中关于状态表示方法的PDF资料，主要讲解状态变量、状态方程等核心概念，适用于系统分析与建模。 Chapter 1 of Signals & Systems course covering fundamental signal operations: addition, multiplication, shift, scale, fold, in"
15,uploaded,单片机复习资料,课程,单片机,复习资料,3,101.52,single_page_multi_file,单片机 | 复习资料 | 复习 | MCS-51 | 内部结构 | 存储器 | 指令系统 | 进制转换 | BCD码,收录单片机相关复习资料，共3个文件，约101.5MB。关键词：单片机、复习、MCS-51、内部结构、存储器、指令系统、进制转换、BCD码。内容概览：单片机复习资料，涵盖第一章概述（微处理器、存储器、I/O接口、总线、进制转换、BCD码、ASCII码、存储容量）和第二章MCS-51内部结构（总体结构、运算器、控制器、引脚功能、复位电路）。 单片机课程PPT，包含重点内容梳理。
16,uploaded,单片机实验资料,课程,单片机,实验资料,2,49.66,single_page_multi_file,单片机 | 实验资料 | 嵌入式编程 | GD32F103C8T6 | Keil | 实验指导 | 接口电路 | 实验,收录单片机相关实验资料，共2个文件，约49.7MB。关键词：单片机、嵌入式编程、GD32F103C8T6、Keil、实验指导、接口电路、实验。内容概览：华中科技大学嵌入式编程实践实验指导书，基于GD32F103C8T6芯片，涵盖硬件设备、软件安装、工程创建等步骤。 第4次实验：综合接口电路设计实验PPT
17,uploaded,单片机往年题,课程,单片机,往年题,6,15.1,single_page_multi_file,单片机 | 往年题 | 考试试卷 | 单片机原理及应用 | 考试 | 2015 | 2016 | 复习提纲 | 中断,收录单片机相关往年题，共6个文件，约15.1MB。关键词：单片机、考试试卷、单片机原理及应用、考试、2015、2016、复习提纲、中断。内容概览：2015年单片机考试试卷，适用于单片机课程期末复习与自测。 2016年单片机考试试卷，适用于单片机课程期末复习与自测。
18,skipped_by_default_policy,单片机教材,课程,单片机,教材,2,92.51,single_page_multi_file,单片机 | 教材 | 原理 | 应用 | 第3版 | 课后习题答案 | 第三版 | 习题解答,收录单片机相关教材，共2个文件，约92.5MB。关键词：单片机、原理、应用、教材、第3版、课后习题答案、第三版、习题解答。内容概览：《单片机原理及应用 第3版》是单片机课程的经典教材，系统讲解单片机结构、指令系统、编程及接口技术，适合高校教学与自学。 单片机课程第三版教材的课后习题答案，包含各章节习题的详细解答，适合学生复习和自测使用。
19,uploaded,集成电路学院2025年考研手册,课程,单片机,课程资料,1,0.9,single_page_multi_file,单片机 | 课程资料 | 集成电路 | 考研 | 手册 | 华中科技大学,收录单片机相关课程资料，共1个文件，约0.9MB。关键词：集成电路、考研、手册、华中科技大学。内容概览：华中科技大学集成电路学院2025年考研手册，包含考研常识、初试复试准备等。
20,uploaded,国家安全教育 答案,课程,国家安全教育  答案,复习资料,1,0.02,single_page_multi_file,国家安全教育 答案 | 复习资料 | 国家安全教育 | 答案 | 选择题 | 填空题,收录国家安全教育  答案相关复习资料，共1个文件，约0.0MB。关键词：国家安全教育、答案、选择题、填空题。内容概览：该文档为《国家安全教育》课程答案，包含选择题和填空题答案，涉及政治安全、经济安全、文化安全、科技安全、数据安全、生物安全、军事安全等多个知识点，年份未明确标注。
21,uploaded,复变函数复习资料,课程,复变函数,复习资料,4,44.5,single_page_multi_file,"复变函数 | 复习资料 | 串讲 | 张鑫灏 | 复变函数, 串讲, 李名剑, 大二上 | 李名剑 | 大二上 | 2024 | 答案合集","收录复变函数相关复习资料，共4个文件，约44.5MB。关键词：复变函数、串讲、张鑫灏、复变函数, 串讲, 李名剑, 大二上、李名剑、大二上、2024、答案合集。内容概览：复变函数串讲PPT，作者张鑫灏。 复变函数考前串讲资料，由电气2109班李名剑主讲，涵盖复数与复变函数基本概念、公式、指数形式、开方运算等。"
22,uploaded,复变函数往年题,课程,复变函数,往年题,14,6.94,single_page_multi_file,复变函数 | 往年题 | 复变函数与积分变换 | A卷 | 答案 | 考试试卷 | 积分变换 | 试卷 | 华中科技大学,收录复变函数相关往年题，共14个文件，约6.9MB。关键词：复变函数与积分变换、A卷、复变函数、答案、考试试卷、积分变换、试卷、华中科技大学。内容概览：2017-2018学年第一学期《复变函数与积分变换》课程考试A卷，闭卷，考试时间150分钟。包含12道单选题（每题2分）及解答题，涉及方程求解、对数计算、函数导数、积分、级数展开、留数定理、傅里叶变换等知识点。 2017-2018学年第一学期《复变函数与积分变换》课程考试A卷答案，包含12道单项选择题及一道调和函数与解析函数求解题，涉及复数方程、对数、幂、积
23,skipped_by_default_policy,复变函数教材,课程,复变函数,教材,4,103.21,single_page_multi_file,复变函数 | 教材 | 数学建模 | 算法 | 习题解答 | 司守奎 | 应用 | 2021 | 程序,收录复变函数相关教材，共4个文件，约103.2MB。关键词：数学建模、算法、教材、习题解答、司守奎、应用、2021、程序。内容概览：《数学建模算法与应用习题解答》是司守奎等编著的数学建模教材配套习题解答，提供算法应用习题的详细解答，适合学习数学建模和算法应用的学生参考。 《数学建模算法与应用》第3版，司守奎、孙玺菁主编，国防工业出版社2021年出版。涵盖支持向量机、偏最小二乘回归、现代优化算法、数字图像处理、综合评价与决策、预测方法及经典算法，配有Matlab/Lingo程序，适合数学建
24,uploaded,大二课程学习攻略实验资料,课程,大二课程学习攻略,实验资料,3,1.01,single_page_multi_file,大二课程学习攻略 | 实验资料 | 模电数电实验 | 考试 | 简答题 | 示波器 | 电气版 | 电容 | 信号发生器 | 数字万用表,收录大二课程学习攻略相关实验资料，共3个文件，约1.0MB。关键词：模电数电实验、考试、简答题、示波器、电气版、电容、信号发生器、数字万用表。内容概览：2018年模电数电实验考试（电气版）包含简答题和电路分析题。简答题涉及瓷片电容与电解电容差异、信号发生器端口使用、示波器模式选择、数字万用表挡位使用、TTL与CMOS与非门使用注意事项。电路分析题要求用CD40161构成十进制计数器并观测时序波形，以及分析放大电路故障原因和示波器显示问题。 2019年模电数电实验考试（OEI/IC版）包含简答题与解答，涉及电
25,uploaded,★大二学习攻略（适用于电气、OEI、IC、EIC）,课程,大二课程学习攻略,往年题,1,0.21,single_page_multi_file,大二课程学习攻略 | 往年题 | 大二 | 学习攻略 | 电气 | OEI | IC | EIC | 通识课 | 专业课,收录大二课程学习攻略相关往年题，共1个文件，约0.2MB。关键词：大二、学习攻略、电气、OEI、IC、EIC、通识课、专业课。内容概览：本文由一位大二学生撰写，分享电气、OEI、IC、EIC等专业的学习攻略，强调科学高效学习、抵制盲目内卷。涵盖通识课（复变函数、模电、数电、大学物理）和专业课（信号与系统、热力学与统计物理、量子力学、单片机等）的学习方法与考试技巧，提供具体课程内容分析和复习建议，旨在帮助新生快速适应并取得高分。
26,uploaded,to大二-经验分享-余佳卓,课程,大二课程学习攻略,课件,1,8.82,single_page_multi_file,大二课程学习攻略 | 课件 | 大二 | 经验分享 | 学习攻略,收录大二课程学习攻略相关课件，共1个文件，约8.8MB。关键词：大二、经验分享、学习攻略。内容概览：大二学习经验分享PPT，由余佳卓提供。
27,uploaded,（定稿）2023级电气信息分册 (1),课程,大二课程学习攻略,课程资料,1,3.34,single_page_multi_file,大二课程学习攻略 | 课程资料 | 电气信息 | 培养计划 | 2023级 | 华中科技大学,收录大二课程学习攻略相关课程资料，共1个文件，约3.3MB。关键词：电气信息、培养计划、2023级、华中科技大学。内容概览：华中科技大学2023级电气信息学科本科专业人才培养计划，涵盖电气工程、计算机科学、光电信息等专业。
28,uploaded,大学物理复习资料,课程,大学物理,复习资料,12,146.15,single_page_multi_file,大学物理 | 复习资料 | 质点运动学 | 大物下 | 串讲 | PDF | 位移 | 速度 | 加速度,收录大学物理相关复习资料，共12个文件，约146.1MB。关键词：大学物理、质点运动学、大物下、串讲、PDF、位移、速度、加速度。内容概览：2024-2025学年下半年的大学物理二课程资料，PDF格式，适用于物理学科学习与复习。 大学物理串讲课件，由刘颖浩提供。
29,uploaded,大学物理大学物理知识点总结,课程,大学物理,大学物理知识点总结,6,5.46,single_page_multi_file,大学物理 | 大学物理知识点总结 | 质点运动学 | 牛顿运动定律 | 知识点 | PDF | 位移 | 速度 | 加速度,收录大学物理相关大学物理知识点总结，共6个文件，约5.5MB。关键词：大学物理、质点运动学、牛顿运动定律、知识点、PDF、位移、速度、加速度。内容概览：大学物理基本知识PDF，涵盖第一章力学，包括质点运动学的基本物理量（位置、位移、速度、加速度）、典型运动公式（匀速直线、匀变速直线、圆周运动、抛体运动）及描述方法（矢量、坐标、图线），以及第二章牛顿运动定律（三定律、常见力）。 大学物理第一章质点运动学和牛顿运动定律公式汇总，包括平均速度、瞬时速度、加速度、匀速直线运动、变速运动、自由落体、抛体运动、圆周运动
30,uploaded,大学物理实验资料,课程,大学物理,实验资料,2,8.0,single_page_multi_file,"大学物理 | 实验资料 | 精策课堂 | 刘科宏 | 质点运动学 | 稳恒磁场 | 大学物理, 复习, 电磁学, 振动与波, 光学, 量子力学,","收录大学物理相关实验资料，共2个文件，约8.0MB。关键词：大学物理、精策课堂、刘科宏、质点运动学、稳恒磁场、大学物理, 复习, 电磁学, 振动与波, 光学, 量子力学,。内容概览：大学物理（上）精策课堂讲义，涵盖考试范围、题型及演示实验等内容。 大学物理知识点复习资料，涵盖电磁学、振动与波、光学、量子力学等章节，包含演示实验目录和考试题型说明。"
31,uploaded,大学物理往年题,课程,大学物理,往年题,23,63.95,single_page_multi_file,大学物理 | 往年题 | 真题 | 大物 | 答案 | 含答案 | 2021 | 考试 | 期末考试,收录大学物理相关往年题，共23个文件，约63.9MB。关键词：真题、大物、大学物理、答案、含答案、2021、考试、期末考试。内容概览：2021年大学物理（II）课程考试A卷参考答案，包含选择题、填空题和计算题解答。 2024年大学物理下期末考试试卷答案，包含试题解答与评分标准，适用于复习备考。
32,skipped_by_default_policy,量子力学,课程,大学物理,教材,1,20.96,single_page_multi_file,大学物理 | 教材 | 量子力学 | PDF,收录大学物理相关教材，共1个文件，约21.0MB。关键词：量子力学、大学物理、PDF、教材。内容概览：大学物理学科下的量子力学PDF资料，可能包含量子力学基础理论、波函数、薛定谔方程等核心知识点，适合作为教材或学习参考。
33,uploaded,第十一章振动部分,课程,大学物理,课件,1,2.39,single_page_multi_file,大学物理 | 课件 | 振动 | 第十一章,收录大学物理相关课件，共1个文件，约2.4MB。关键词：振动、大学物理、第十一章。内容概览：大学物理第十一章振动部分的PPT课件。
34,uploaded,大学物理课程资料,课程,大学物理,课程资料,2,0.82,single_page_multi_file,"大学物理 | 课程资料 | 杨氏双缝干涉, 光强分布, 推导, 双缝干涉, 光学 | 力学 | 质点运动学 | 牛顿运动定律 | 基本物理量 | 位置矢量 | 位移","收录大学物理相关课程资料，共2个文件，约0.8MB。关键词：杨氏双缝干涉, 光强分布, 推导, 双缝干涉, 光学、大学物理、力学、质点运动学、牛顿运动定律、基本物理量、位置矢量、位移。内容概览：杨氏双缝干涉光强分布推导，包括几何光程差、电场叠加法和相量法，得到I=4I0 cos^2(π d sinθ/λ)。 大学物理力学部分，涵盖质点运动学（位置矢量、位移、速度、加速度）和牛顿运动定律（三大定律及常见力），包含运动公式、描述方法及学习指导。"
35,uploaded,大物实验实验资料,课程,大物实验,实验资料,7,43.19,single_page_multi_file,大物实验 | 实验资料 | 大学物理实验 | 答案 | 迈克尔逊干涉仪 | 实验报告 | PDF | 万用表 | 模拟法测绘静电场 | 旋光仪,收录大物实验相关实验资料，共7个文件，约43.2MB。关键词：大学物理实验、答案、迈克尔逊干涉仪、实验报告、PDF、万用表、模拟法测绘静电场、旋光仪。内容概览：大学物理实验课程资料，包含万用表使用、模拟法测绘静电场、迈克尔逊干涉仪、旋光仪测糖溶液浓度等实验的思考题解答和数据处理方法，适合复习备考。 该文档为大学物理实验习题与答案整理版，涵盖基本实验基础，包括游标尺、千分尺读数，物理天平、检流计、电表、万用表、信号发生器、光学元件、箱式电桥、逐差法、杨氏模量实验、伏安特性、电桥等知识点，以问答形式呈现，适合复习备考。
36,uploaded,线代串讲_廖乾超,课程,微积分,往年题,1,1.48,single_page_multi_file,微积分 | 往年题 | 线性代数 | 串讲 | 行列式 | 考试经验,收录微积分相关往年题，共1个文件，约1.5MB。关键词：线性代数、串讲、行列式、考试经验。内容概览：线性代数串讲资料，涵盖行列式定义、性质、展开及典型习题，由廖乾超于2023年2月15日讲解。
37,uploaded,数理方程Mathematical equation,课程,数理方程,Mathematical equation,12,49.8,single_page_multi_file,数理方程 | Mathematical equation | 习题课 | 分离变量法 | 行波法 | 积分变换法 | 习题 | 格林函数法 | 贝塞尔函数,收录数理方程相关Mathematical equation，共12个文件，约49.8MB。关键词：数理方程、习题课、分离变量法、行波法、积分变换法、习题、格林函数法、贝塞尔函数。内容概览：第一章介绍数理方程中的典型方程与定解条件。 数理方程第一章绪论的习题课PPT
38,skipped_by_default_policy,数理方程作业和答案,课程,数理方程,作业和答案,22,52.74,single_page_multi_file,数理方程 | 作业和答案 | 作业 | 定解问题 | 固有值问题 | 波动方程 | 积分变换法 | 分离变量法 | 作业参考,收录数理方程相关作业和答案，共22个文件，约52.7MB。关键词：数理方程、作业、定解问题、固有值问题、波动方程、积分变换法、分离变量法、作业参考。内容概览：该文档为数理方程课程1-6次作业的参考答案，涵盖波动方程求解、边界条件处理、特征线法应用及通解推导等内容，适合复习和作业参考。 该文件为数理方程课程第13-18次作业，主要涉及积分变换法和格林函数法求解偏微分方程，包括一维热传导方程和波动方程的定解问题，以及拉普拉斯变换的应用。内容包含具体解题步骤和公式推导。
39,uploaded,数理方程刘超,课程,数理方程,刘超,20,201.81,single_page_multi_file,数理方程 | 刘超 | 2023 | slides | 拉普拉斯方程 | 贝塞尔函数 | 边值问题 | 分离变量法 | 固有值,收录数理方程相关刘超，共20个文件，约201.8MB。关键词：2023、数理方程、slides、拉普拉斯方程、贝塞尔函数、边值问题、分离变量法、固有值。内容概览：2023年秋季学期数学物理方程与特殊函数课程教学计划，面向光电2205-2208班，共40学时，涵盖三类方程建立、定解条件、傅里叶级数、有界弦振动、热传导、Laplace方程、非齐次方程、达朗贝尔公式、积分变换、Green函数、Bessel函数等内容，含4学时习题课。 《数理方程与特殊数函数》课程教学大纲（刘超 2023版），面向电子、光电、自动化等专业，必
40,uploaded,数理方程复习资料,课程,数理方程,复习资料,34,137.02,single_page_multi_file,数理方程 | 复习资料 | 作业 | 定解问题 | 固有值问题 | 分离变量法 | 积分变换法 | 答案 | 第十版,收录数理方程相关复习资料，共34个文件，约137.0MB。关键词：数理方程、作业、定解问题、固有值问题、分离变量法、积分变换法、答案、第十版。内容概览：该文件为数理方程课程第13-18次作业，主要涉及积分变换法和格林函数法求解偏微分方程，包括一维热传导方程和波动方程的定解问题，以及拉普拉斯变换的应用。内容包含具体例题和求解步骤。 数理方程课程中关于状态表示的PDF资料，可能涉及量子力学或线性系统中的状态描述方法，适合复习或预习使用。
41,uploaded,数理方程往年题,课程,数理方程,往年题,7,3.95,single_page_multi_file,数理方程 | 往年题 | 分离变量法 | 波动方程 | 热传导方程 | 拉普拉斯方程 | 格林函数法 | 试卷 | 非齐次边界条件,收录数理方程相关往年题，共7个文件，约3.9MB。关键词：数理方程、分离变量法、波动方程、热传导方程、拉普拉斯方程、格林函数法、试卷、非齐次边界条件。内容概览：数理方程试卷，包含四道大题：分离变量法求解波动方程（齐次边界条件）、特征函数展开法求解热传导方程（非齐次项）、非齐次边界条件的拉普拉斯方程、达朗贝尔法求解半无界波动方程。总分150分，考试时间未知。 数理方程试卷，包含分离变量法求解波动方程、格林函数法求解拉普拉斯方程、非齐次边界条件热传导方程、达朗贝尔公式求解无界波动方程等题目，共4题，总分50分。
42,skipped_by_default_policy,数理方程教材,课程,数理方程,教材,3,29.39,single_page_multi_file,数理方程 | 教材 | 偏微分方程 | Evans | 研究生 | 周蜀林 | 定解问题 | 证明,收录数理方程相关教材，共3个文件，约29.4MB。关键词：数理方程、偏微分方程、教材、Evans、研究生、周蜀林、定解问题、证明。内容概览：Evans著《偏微分方程》第二版，美国数学学会研究生数学教材第19卷。涵盖线性与非线性PDE，包括传输方程、Laplace方程、热方程、波动方程及一阶非线性PDE的经典解法与理论。 周蜀林著《偏微分方程》教材，涵盖数理方程核心内容，包括偏微分方程的基本概念、分类与解法，适用于数学、物理等专业课程学习。
43,uploaded,数理方程数理方程课件,课程,数理方程,数理方程课件,23,35.89,single_page_multi_file,数理方程 | 数理方程课件 | 偏微分方程 | 课件 | 波动方程 | PPT | 贝塞尔函数 | 特殊函数 | 定解问题,收录数理方程相关数理方程课件，共23个文件，约35.9MB。关键词：数理方程、偏微分方程、课件、波动方程、PPT、贝塞尔函数、特殊函数、定解问题。内容概览：数学物理方程与特殊函数课程课件，涵盖数学物理方法、偏微分方程、特殊函数（如Bessel函数、Legendre多项式、Γ函数、B函数）等内容，适用于数理方程学科。 该片段为数学物理方程课件，介绍偏微分方程的基本概念、定解问题的提法，以及根据物理系统边界条件和初始条件建立数学模型的方法。
44,uploaded,数理方程课件,课程,数理方程,课件,26,54.99,single_page_multi_file,数理方程 | 课件 | 波动方程 | 贝塞尔函数 | 泊松方程 | 边值问题 | 2023 | 固有值,收录数理方程相关课件，共26个文件，约55.0MB。关键词：数理方程、课件、波动方程、贝塞尔函数、泊松方程、边值问题、2023、固有值。内容概览：本资料为2023年数理方程课程第4周周一正式slides，内容聚焦泊松方程（非齐次拉普拉斯方程）的求解。通过圆域内泊松方程的边值问题示例，讲解固有函数法的应用步骤，包括极坐标变换、固有函数系展开及系数比较法。适用于学习数理方程中偏微分方程边值问题的求解方法。 本slides介绍了固有值与固有函数的概念，包括施图姆-刘维尔方程的一般形式、固有值与固有函数的定义
45,uploaded,数理方程课程资料,课程,数理方程,课程资料,2,4.43,single_page_multi_file,数理方程 | 课程资料 | 傅里叶级数 | 傅里叶变换 | 拉普拉斯变换 | 施图姆-刘维尔理论 | 自学笔记 | PDF | 练习册,收录数理方程相关课程资料，共2个文件，约4.4MB。关键词：数理方程、傅里叶级数、傅里叶变换、拉普拉斯变换、施图姆-刘维尔理论、自学笔记、PDF、练习册。内容概览：该文本片段涵盖数理方程自学笔记中傅里叶级数展开、系数计算、正弦与余弦级数、指数形式，以及傅里叶变换、拉普拉斯变换的引用。还包括莱布尼茨积分法则、高斯函数、二阶常系数微分方程、欧拉方程和施图姆-刘维尔理论等数学工具。 该文本片段为《数理方程》练习册第十版（学生用版本）的部分内容，包含波动方程定解问题、边界条件、初始条件以及线性与非线性偏微分方程的判别练习。
46,uploaded,数电复习资料,课程,数电,复习资料,13,142.36,single_page_multi_file,数电 | 复习资料 | 习题解答 | PDF | Verilog | CMOS | 施密特触发器 | 分频器 | 逻辑函数,收录数电相关复习资料，共13个文件，约142.4MB。关键词：数电、习题解答、PDF、Verilog、CMOS、施密特触发器、分频器、逻辑函数。内容概览：数字逻辑复习大纲，涵盖数制转换、逻辑代数、组合逻辑电路、锁存器与触发器、时序逻辑电路及Verilog HDL。重点包括卡诺图化简、MSI器件应用、同步时序电路设计。出题方式为填空、化简、分析与设计。适用于2020年数字电路课程复习。 数电课程第二章部分习题解答的PDF文件，包含课后习题的详细解答过程，适合复习和巩固知识点。
47,uploaded,数电往年题,课程,数电,往年题,5,7.34,single_page_multi_file,数电 | 往年题 | 数字电路与逻辑设计 | 数字电路 | 复习大纲 | CMOS | TTL | 考试题 | 2011,收录数电相关往年题，共5个文件，约7.3MB。关键词：数电、数字电路与逻辑设计、数字电路、复习大纲、CMOS、TTL、考试题、2011。内容概览：2011年秋季数字电子技术课程56学时考试试题，适用于期末复习与自测。 2019年华中科技大学数字电路与逻辑设计（一）A卷闭卷考试真题，包含填空题、化简题、波形图、组合电路分析等题型，涉及格雷码、逻辑函数反演、三态门、D触发器、JK触发器、ROM、ADC、DAC、Verilog HDL等知识点。
48,skipped_by_default_policy,数电教材,课程,数电,教材,16,574.13,consider_zip_or_split,数电 | 教材 | 数字电子技术基础 | 阎石 | 教学课件 | 电子技术基础 | 数字部分 | 第五版,收录数电相关教材，共16个文件，约574.1MB。关键词：数电、数字电子技术基础、阎石、教学课件、电子技术基础、数字部分、第五版、教材。内容概览：数字电子技术基础教材第一章，涵盖数字逻辑概论、数制、二进制代码、逻辑运算等。 《电子技术基础 数字部分》第6版教材，适用于数电课程，涵盖数字电路基础、逻辑门、组合逻辑电路、时序逻辑电路等核心知识点，适合本科教学与复习使用。
49,uploaded,数电数电实验课,课程,数电,数电实验课,10,28.76,single_page_multi_file,数电 | 数电实验课 | 实验 | QuartusII | CPLD | Quartus II | 软件使用 | 数字存储示波器 | GDS-2000E,收录数电相关数电实验课，共10个文件，约28.8MB。关键词：数电、实验、QuartusII、CPLD、Quartus II、软件使用、数字存储示波器、GDS-2000E。内容概览：GDS-2000E系列数字存储示波器使用手册，包含安全说明、产品介绍、测量操作、设置、触发、搜索、应用程序及文件管理等章节，适用于数电课程中示波器的使用与操作指导。 该文档介绍了使用QuartusII软件在数电实验箱上设计和实现7段译码管程序的实验步骤，包括实验箱结构、数码管原理、工程创建、Verilog代码编写、管脚分配及程序下载。
50,uploaded,数电数电真题及复习,课程,数电,数电真题及复习,11,128.47,single_page_multi_file,数电 | 数电真题及复习 | 数字电路与逻辑设计 | 华中科技大学 | 考试题 | 56学时 | 2019 | A卷 | 试卷,收录数电相关数电真题及复习，共11个文件，约128.5MB。关键词：数电、数字电路与逻辑设计、华中科技大学、考试题、56学时、2019、A卷、试卷。内容概览：陈杰制作的数字电子技术考前复习PPT 吴婧尧关于数电的分享PPT
51,uploaded,数电清华大学阎石《数字电子技术基础》第五版教学课件,课程,数电,清华大学阎石《数字电子技术基础》第五版教学课件,11,34.08,single_page_multi_file,数电 | 清华大学阎石《数字电子技术基础》第五版教学课件 | 阎石 | 数字电子技术基础 | 教学课件 | 第五版 | 清华 | 数字电子技术 | 课件,收录数电相关清华大学阎石《数字电子技术基础》第五版教学课件，共11个文件，约34.1MB。关键词：阎石、数字电子技术基础、教学课件、第五版、数电、清华、数字电子技术、课件。内容概览：清华阎石《数字电子技术基础》第五版第一章教学课件 清华阎石《数字电子技术基础》第五版第七章教学课件
52,uploaded,数电课件,课程,数电,课件,5,29.96,single_page_multi_file,数电 | 课件 | 数字电子技术 | 阎石 | 清华 | 第五版 | Verilog | 硬件描述语言,收录数电相关课件，共5个文件，约30.0MB。关键词：数电、数字电子技术、阎石、清华、课件、第五版、Verilog、硬件描述语言。内容概览：介绍Verilog硬件描述语言在数字电路设计中的基础应用。 数电课程第1至5章的PPT课件
53,uploaded,数电课程资料,课程,数电,课程资料,6,4.08,single_page_multi_file,数电 | 课程资料 | 逻辑代数 | 卡诺图 | 逻辑函数 | 逻辑运算 | 与门 | 或门 | 非门 | 布尔代数,收录数电相关课程资料，共6个文件，约4.1MB。关键词：逻辑代数、卡诺图、逻辑函数、逻辑运算、与门、或门、非门、布尔代数。内容概览：数字逻辑基础：二值逻辑变量、基本逻辑运算（与、或、非）及其电路实现。 逻辑代数基本定理、规则、化简方法及Verilog HDL基础，数字电路课程内容。
54,uploaded,ch04.5-Verilog基础,课程,数电,通信学院-数电ppt,1,0.83,single_page_multi_file,数电 | 通信学院-数电ppt | Verilog | 硬件描述语言 | 数字电路,收录数电相关通信学院-数电ppt，共1个文件，约0.8MB。关键词：Verilog、硬件描述语言、数字电路。内容概览：介绍Verilog硬件描述语言在数字电路设计中的基础应用。
55,uploaded,模拟电子技术ZTY神人也,课程,模拟电子技术,ZTY神人也,19,90.76,single_page_multi_file,模拟电子技术 | ZTY神人也 | PPT | 宽版 | CH04 | 功率放大器 | PPT课件 | toS | CH02,收录模拟电子技术相关ZTY神人也，共19个文件，约90.8MB。关键词：模拟电子技术、PPT、宽版、CH04、功率放大器、PPT课件、toS、CH02。内容概览：模拟电子技术课程第二章教学课件 模拟电子技术课程第三章的PPT文件
56,uploaded,模拟电子技术复习资料,课程,模拟电子技术,复习资料,11,119.42,single_page_multi_file,"模拟电子技术 | 复习资料 | 总复习 | 串讲 | 2024 | 模电 | 邓天平 | 20231225 | 模电, 串讲, 模拟电子技术, 复习","收录模拟电子技术相关复习资料，共11个文件，约119.4MB。关键词：模拟电子技术、总复习、串讲、2024、模电、邓天平、20231225、模电, 串讲, 模拟电子技术, 复习。内容概览：2024年模拟电子技术课程总复习PPT 模拟电子技术总复习PPT，涵盖课程核心知识点与复习要点。"
57,uploaded,第四阶段 音响放大器设计2025光电,课程,模拟电子技术,实验资料,1,1.95,single_page_multi_file,模拟电子技术 | 实验资料 | 音响放大器 | 集成运算放大器 | 增益带宽积 | 转换速率,收录模拟电子技术相关实验资料，共1个文件，约2.0MB。关键词：音响放大器、模拟电子技术、集成运算放大器、增益带宽积、转换速率。内容概览：音响放大器设计与调试第四阶段，涉及集成运算放大器参数如增益带宽积和转换速率，属于模拟电子技术实验内容。
58,uploaded,模拟电子技术往年题,课程,模拟电子技术,往年题,12,23.42,single_page_multi_file,模拟电子技术 | 往年题 | 答案 | 运算放大器 | 模电 | 真题 | 试卷 | 期末试题 | MOSFET,收录模拟电子技术相关往年题，共12个文件，约23.4MB。关键词：模拟电子技术、答案、运算放大器、模电、真题、试卷、期末试题、MOSFET。内容概览：2023年秋季模拟电子技术课程期末考试试卷，适用于复习和自测。 2023年秋季模拟电子技术期末试题及自制答案（第一版），包含试题与参考答案，适用于复习备考。
59,skipped_by_default_policy,模拟电子技术教材,课程,模拟电子技术,教材,6,340.19,single_page_multi_file,模拟电子技术 | 教材 | 电子技术基础 | 第7版 | 康华光 | 数字部分 | 习题辅导 | 解答,收录模拟电子技术相关教材，共6个文件，约340.2MB。关键词：模拟电子技术、电子技术基础、第7版、康华光、教材、数字部分、习题辅导、解答。内容概览：《电子技术基础·数字部分习题辅导与解答》第7版，由罗杰、秦臻编著，提供数字电子技术习题与详细解答，适合模拟电子技术课程辅助学习。 华中科技大学2019-2020学年第二学期模拟电子技术基础考试试卷（A卷），闭卷，考试时长150分钟。包含运算放大器电路分析、MOSFET静态工作点及小信号等效电路计算等题目。
60,uploaded,模拟电子技术课件,课程,模拟电子技术,课件,2,11.2,single_page_multi_file,模拟电子技术 | 课件 | 场效应管 | 放大 | 模电 | 双极结型三极管 | 放大电路 | BJT,收录模拟电子技术相关课件，共2个文件，约11.2MB。关键词：场效应管、放大、模电、双极结型三极管、放大电路、BJT、模拟电子技术。内容概览：场效应管及其放大电路分析 双极结型三极管及其放大电路的PPT课件
61,uploaded,第四版_Neamen-700-1395,课程,模拟电子技术,课程资料,1,55.53,single_page_multi_file,模拟电子技术 | 课程资料 | operational amplifier | op-amp | circuit | Neamen | analog electronics,"收录模拟电子技术相关课程资料，共1个文件，约55.5MB。关键词：operational amplifier、op-amp、circuit、Neamen、analog electronics。内容概览：Chapter 9 of Neamen's microelectronics textbook covering ideal operational amplifiers and op-amp circuits, including analysis and design problems."
62,uploaded,2025-56总复习 169,课程,模电,复习资料,1,8.24,single_page_multi_file,模电 | 复习资料 | 总复习,收录模电相关复习资料，共1个文件，约8.2MB。关键词：模电、总复习。内容概览：模电课程总复习PPT，涵盖2025年56讲内容。
63,skipped_by_default_policy,模电教材,课程,模电,教材,4,152.59,single_page_multi_file,"模电 | 教材 | 模拟电子技术基础, 教学大纲, 模电 | 放大器 | 运算放大器 | 模拟电子技术, 康华光, 第七版, 习题答案, 学习辅导 | 电子技术基础 | 康华光","收录模电相关教材，共4个文件，约152.6MB。关键词：模电、模拟电子技术基础, 教学大纲, 模电、放大器、运算放大器、教材、模拟电子技术, 康华光, 第七版, 习题答案, 学习辅导、电子技术基础、康华光。内容概览：《模拟电子技术基础》课程教学大纲，包含课程名称、代码、学时、先修课程、教学目的、重点难点、教学方法、教学内容与学时安排等。 《你好，放大器》初识篇，杨建国著，西安交通大学2014年出版，介绍放大器定义、分类及使用。"
64,uploaded,模电课件,课程,模电,课件,7,26.58,single_page_multi_file,模电 | 课件 | 模拟电子技术 | 直流电源 | 电路 | 运算放大器 | 二极管 | 基本电路 | 模拟集成电路,收录模电相关课件，共7个文件，约26.6MB。关键词：模电、模拟电子技术、直流电源、电路、运算放大器、二极管、基本电路、模拟集成电路。内容概览：直流电源电路PPT，属于模拟电子技术课程内容。 运算放大器PPT课件，属于模拟电子技术课程内容。
65,uploaded,模电课程资料,课程,模电,课程资料,4,88.62,single_page_multi_file,模电 | 课程资料 | 运算放大器 | 2024 | 理想运放 | 运放电路 | 模拟电子技术 | 笔记 | 放大电路,收录模电相关课程资料，共4个文件，约88.6MB。关键词：模电、运算放大器、2024、理想运放、运放电路、模拟电子技术、笔记、放大电路。内容概览：2024年模拟电子技术课程文件 第五章含运算放大器的电路，介绍运放特性、理想运放模型及基本运放电路分析。
66,uploaded,模电 数电实验实验资料,课程,模电 数电实验,实验资料,4,14.5,single_page_multi_file,模电 数电实验 | 实验资料 | 示波器 | 考试 | 简答题 | 瓷片电容 | 模电 | 数电实验 | 2018 | 电解电容,收录模电 数电实验相关实验资料，共4个文件，约14.5MB。关键词：示波器、考试、简答题、瓷片电容、模电、数电实验、2018、电解电容。内容概览：2018年模电数电实验电气版考试简答题，涵盖瓷片电容与电解电容差异、信号发生器端口使用、示波器显示模式、数字万用表挡位选择、TTL与CMOS使用注意事项，以及CD40161十进制计数器时序波形观测方法。 2019年模电数电实验考试（OEI/IC版）包含简答题，涉及电位器阻值、瓷片电容容值、精密全波整流实验中示波器坐标调节、函数信号发生器同步输出特性、4511
67,uploaded,模电 数电实验工训循迹,课程,模电 数电实验,工训循迹,2,61.12,single_page_multi_file,模电 数电实验 | 工训循迹 | 模电 | 数电实验 | Arduino | 月球车 | 小车设计 | 课程报告 | 答辩,收录模电 数电实验相关工训循迹，共2个文件，约61.1MB。关键词：模电、数电实验、Arduino、月球车、小车设计、课程报告、答辩。内容概览：本报告为第十组小车综合设计历程报告，基于Arduino平台设计月球车模型。文档包含小组成员分工、计划进度、设计制作过程、电路与程序设计说明、作品特点评价及思考感悟。设计注重悬挂系统、动力提升和模块化，强调软硬件适配、实际测试和问题解决能力。 模电与数电实验课程的答辩演示文稿
68,skipped_by_default_policy,模电 数电实验教材,课程,模电 数电实验,教材,2,105.32,single_page_multi_file,"模电 数电实验 | 教材 | 电子技术基础实验 | 电子电路实验 | EDA技术 | 模电 | 数电 | 电子技术基础实验, 电子电路实验, EDA技术","收录模电 数电实验相关教材，共2个文件，约105.3MB。关键词：电子技术基础实验、电子电路实验、EDA技术、模电、数电、电子技术基础实验, 电子电路实验, EDA技术。内容概览：电子技术基础实验教材，涵盖电子电路实验、设计及现代EDA技术，适用于模电数电实验课程。"
69,uploaded,模电 数电实验数电实验课,课程,模电 数电实验,数电实验课,10,28.76,single_page_multi_file,模电 数电实验 | 数电实验课 | 数电实验 | QuartusII | 实验指导 | 软件使用 | 实验报告 | 数字存储示波器 | GDS-2000E | 使用手册,收录模电 数电实验相关数电实验课，共10个文件，约28.8MB。关键词：数电实验、QuartusII、实验指导、软件使用、实验报告、数字存储示波器、GDS-2000E、使用手册。内容概览：GDS-2000E系列数字存储示波器使用手册，涵盖安全说明、产品介绍、测量操作、设置、触发、搜索及应用程序等功能，适用于模电数电实验教学。 该文档为数电实验指导，介绍使用QuartusII软件在数电实验箱上设计和实现7段译码管程序。内容包括实验箱结构、7段数码管原理（共阴极与共阳极）、实验步骤（创建工程、编写Verilog代码、管脚分配、下载程序）。
70,uploaded,毛概复习资料,课程,毛概,复习资料,5,32.41,single_page_multi_file,毛概 | 复习资料 | 复习 | 马克思主义中国化 | 毛泽东思想 | 导论 | 2024 | 学生 | 思维导图,收录毛概相关复习资料，共5个文件，约32.4MB。关键词：毛概、复习、马克思主义中国化、毛泽东思想、导论、2024、学生、思维导图。内容概览：2024年毛概课程学生复习用的PPT课件 毛概全书的思维导图，来自高教中心下载版本，涵盖课程核心知识点，适合复习和梳理框架。
71,uploaded,毛概往年题,课程,毛概,往年题,12,9.31,single_page_multi_file,毛概 | 往年题 | 参考答案 | 期末自测题 | 概论 | 毛泽东思想 | 毛泽东思想和中国特色社会主义理论体系概论 | 考试 | A卷,收录毛概相关往年题，共12个文件，约9.3MB。关键词：毛概、参考答案、期末自测题、概论、毛泽东思想、毛泽东思想和中国特色社会主义理论体系概论、考试、A卷。内容概览：2021级《概论》B卷参考答案，包含单项选择题、多项选择题和材料分析题。材料分析题涉及马克思主义中国化时代化的内涵、毛泽东思想的历史地位、家庭联产承包责任制的作用以及改革开放的重要性。适用于毛概课程复习与考试参考。 2021级《概论》B卷参考答案，包含单项选择题、多项选择题和材料分析题。材料分析题涉及马克思主义中国化时代化的历程与内涵、毛泽东和毛泽东思想的历
72,skipped_by_default_policy,毛概教材,课程,毛概,教材,2,61.76,single_page_multi_file,毛概 | 教材 | 马克思主义中国化时代化 | 毛泽东思想 | 新民主主义革命理论 | 2024年概论 | 目录 | 毛泽东思想和中国特色社会主义理论体系概论 | 2023年版,收录毛概相关教材，共2个文件，约61.8MB。关键词：毛概、马克思主义中国化时代化、毛泽东思想、新民主主义革命理论、2024年概论、目录、毛泽东思想和中国特色社会主义理论体系概论、2023年版。内容概览：该PDF为2024年《概论》教材目录，涵盖导论及前两章：导论介绍马克思主义中国化时代化的历史进程与理论成果；第一章为毛泽东思想及其历史地位；第二章为新民主主义革命理论，包括总路线、基本纲领、革命道路和三大法宝。 《毛泽东思想和中国特色社会主义理论体系概论（2023年版）》是马克思主义理论研究和建设工程重点教材，由高等教育出版社出版，适用于高校思想政治理论课教
73,uploaded,电力系统分析复习资料,课程,电力系统分析,复习资料,5,19.92,single_page_multi_file,电力系统分析 | 复习资料 | 回忆卷 | 串讲 | 2025 | 变压器额定电压 | 节点导纳矩阵 | 序分量边界条件 | 零序网络,收录电力系统分析相关复习资料，共5个文件，约19.9MB。关键词：电力系统分析、回忆卷、串讲、2025、变压器额定电压、节点导纳矩阵、序分量边界条件、零序网络。内容概览：2025年电力系统分析回忆卷，涵盖发电机与变压器额定电压标定、变压器实际变比计算、电压级基准电压选择、节点导纳矩阵元素计算及自阻抗与互阻抗物理意义、序分量边界条件（含B相阻抗断开情况）、零序网络绘制、同步发电机空载三相短路电流分量及衰减时间常数等知识点。 2025年电力系统分析课程回忆卷的参考答案，供复习参考。
74,uploaded,电力系统分析往年题,课程,电力系统分析,往年题,4,13.76,single_page_multi_file,电力系统分析 | 往年题 | 串讲 | 电分 | 考试 | 黄轶翔 | 题型 | 同步电机 | Park变换,收录电力系统分析相关往年题，共4个文件，约13.8MB。关键词：串讲、电力系统分析、电分、考试、黄轶翔、题型、同步电机、Park变换。内容概览：电力系统分析（电分上）串讲资料，涵盖考试题型、章节重点及复习建议。 电力系统分析（上）串讲资料，涵盖考试题型、章节重点和复习建议。
75,uploaded,电气工程基础A类_李浩,课程,电力系统分析,课件,1,4.86,single_page_multi_file,电力系统分析 | 课件 | 电气工程基础 | 电力系统,收录电力系统分析相关课件，共1个文件，约4.9MB。关键词：电气工程基础、电力系统。内容概览：电气工程基础A类课程PPT，作者李浩。
76,uploaded,电机学复习资料,课程,电机学,复习资料,7,62.5,single_page_multi_file,电机学 | 复习资料 | 串讲 | 李俊昊 | 杨文博 | 大二下 | 倪谢霆 | 唐卓扬 | 异步电机,收录电机学相关复习资料，共7个文件，约62.5MB。关键词：电机学、串讲、李俊昊、杨文博、大二下、倪谢霆、唐卓扬、异步电机。内容概览：电机学上串讲PPT 电机学上课程串讲PPT，由李俊昊提供。
77,skipped_by_default_policy,电机学教材,课程,电机学,教材,4,129.67,single_page_multi_file,电机学 | 教材 | 许实章 | 陈媛 | 辜承林 | 陈乔夫 | 熊永前 | Z-Library,收录电机学相关教材，共4个文件，约129.7MB。关键词：电机学、教材、许实章、陈媛、辜承林、陈乔夫、熊永前、Z-Library。内容概览：电机学教材，许实章主编，适合电机学课程学习。 电机学教材，由陈媛、辜承林、陈乔夫、熊永前编著，涵盖电机基本理论、结构、运行原理及分析，适用于电气工程专业教学。
78,uploaded,电机学课程资料,课程,电机学,课程资料,3,41.91,single_page_multi_file,电机学 | 课程资料 | 导论 | 电磁定律 | 铁磁材料 | 磁路 | 直流电机 | 电枢绕组 | 磁场,收录电机学相关课程资料，共3个文件，约41.9MB。关键词：电机学、导论、电磁定律、铁磁材料、磁路、直流电机、电枢绕组、磁场。内容概览：电机学第1章导论，涵盖电机基本概念、分类、应用、基本电磁定律、铁磁材料特性及磁路计算方法。 第二章直流电机，包括工作原理、电枢绕组、磁场、基本特性和电力传动。
79,uploaded,电气工程实践基础第五讲（2025版） (2),课程,电气工程实践基础第五讲（2025版） (2),课件,1,6.23,single_page_multi_file,电气工程实践基础第五讲（2025版） (2) | 课件 | 电气工程 | 实践基础 | 第五讲 | 2025版,收录电气工程实践基础第五讲（2025版） (2)相关课件，共1个文件，约6.2MB。关键词：电气工程、实践基础、第五讲、2025版。内容概览：电气工程实践基础第五讲（2025版）的PPT课件
80,uploaded,电测下实验资料,课程,电测下,实验资料,14,15.8,single_page_multi_file,电测下 | 实验资料 | 实验报告 | 2022 | 电子线路 | 电子线路实验 | 示波器 | 半波整流 | RC移相 | 数字钟,收录电测下相关实验资料，共14个文件，约15.8MB。关键词：实验报告、2022、电子线路、电子线路实验、示波器、半波整流、RC移相、数字钟。内容概览：电子线路实验报告，涵盖示波器、信号发生器、直流稳压电源、数字万用表的使用方法，以及半波整流电路和RC移相电路的波形观察与测量。实验包括面包板通断检测、示波器自检、信号源使用等任务，记录了输入输出波形、频率、峰峰值等参数，并分析了二极管压降和相位差。实验时间为2022年4月15日，作者为电气2001班李达志。 该实验报告来自电气2001班学生，完成于2022年
81,skipped_by_default_policy,电磁场叶齐政老师课件电磁场,课程,电磁场,叶齐政老师课件电磁场,27,54.52,single_page_multi_file,电磁场 | 叶齐政老师课件电磁场 | 2024 | 叶齐政 | 静电场 | 恒定磁场 | 华中科技大学 | PDF | HUST,收录电磁场相关叶齐政老师课件电磁场，共27个文件，约54.5MB。关键词：电磁场、2024、叶齐政、静电场、恒定磁场、华中科技大学、PDF、HUST。内容概览：华中科技大学电气与电子工程学院叶齐政教授主讲的《电磁场》课程介绍，包括教材《电磁场》（叶齐政、陈德智主编，机械工业出版社2023年印刷）、参考书、慕课资源及考核方式（期末考试60%，平时成绩30%，实验10%），强调电磁场在电气工程中的核心作用。 本节介绍矢量场的旋度概念，定义为最大环量面密度，方向为面元法向。通过均匀载流导体棒的实例，计算不同闭合曲线的环量
82,uploaded,电磁场复习资料,课程,电磁场,复习资料,6,5.07,single_page_multi_file,电磁场 | 复习资料 | 静电场 | 习题课 | 电磁波 | 公式整理 | 场论 | 电容 | 边界条件,收录电磁场相关复习资料，共6个文件，约5.1MB。关键词：电磁场、静电场、习题课、电磁波、公式整理、场论、电容、边界条件。内容概览：电磁场与电磁波公式整理，涵盖场论矢量恒等式、球坐标与圆柱坐标下的梯度散度旋度及拉普拉斯算子、本构参数、静电场基本公理、电场强度与电位、边界条件、电容计算及能量密度等核心知识点，附典型例题。 《电磁场》课后习题参考答案v8.0.0.240621_beta，包含第三章静电场习题3.1至3.6的详细解答。利用高斯定理和拉普拉斯方程求解电场强度与电位分布，涉及球对称
83,uploaded,电磁场实验资料,课程,电磁场,实验资料,5,5.72,single_page_multi_file,电磁场 | 实验资料 | 电磁场与电磁波 | HFSS | 波导仿真 | 华中科技大学 | 实验课 | 部分电容 | 预习报告,收录电磁场相关实验资料，共5个文件，约5.7MB。关键词：电磁场、电磁场与电磁波、HFSS、波导仿真、华中科技大学、实验课、部分电容、预习报告。内容概览：2025年电磁场实验课PPT，包含课前预习要求、实验目的与原理，涉及部分电容测量、电流场测量、螺管线圈磁场研究等实验内容，强调预习报告准备与数据记录规范。 华中科技大学《电磁场与电磁波》课程2016年仿真实验指导，使用HFSS软件对金属波导（圆波导或任意截面波导）进行建模与仿真，分析主模场分布、色散特性、截止频率及模式传输特性，要求独立完成并提交实验报告。
84,uploaded,电磁场往年题,课程,电磁场,往年题,4,37.49,single_page_multi_file,电磁场 | 往年题 | 华中科技大学 | 电气工程 | 华科 | 期末试卷 | 期末 | 时变场 | 试卷,收录电磁场相关往年题，共4个文件，约37.5MB。关键词：电磁场、华中科技大学、电气工程、华科、期末试卷、期末、时变场、试卷。内容概览：华中科技大学电磁场课程期末试卷，适用于期末复习与考试准备。 华中科技大学电气学院《电磁场》试卷A（闭卷），适用于电气工程及其自动化专业。试卷包含简答题（Maxwell方程组、边界条件、波导模式等）和计算题（传输线参数、互感、平面波、螺线管、平板电容器等），涉及时变场、准静态近似等知识点。
85,skipped_by_default_policy,电磁场教材,课程,电磁场,教材,2,142.99,single_page_multi_file,电磁场 | 教材 | 电磁波 | 场与波 | PDF | 叶齐政 | 陈德智 | Z-Library,收录电磁场相关教材，共2个文件，约143.0MB。关键词：电磁场、教材、电磁波、场与波、PDF、叶齐政、陈德智、Z-Library。内容概览：电磁场与电磁波教材，涵盖场与波的基本理论、麦克斯韦方程组、平面波传播等内容，适合电磁场课程学习。 《电磁场》教材，由叶齐政、陈德智编写，涵盖电磁场基本理论、麦克斯韦方程组、静电场、恒定磁场、时变电磁场等内容，适合高校电磁场课程学习。
86,uploaded,电磁场电子2006电磁场操作实验报告,课程,电磁场,电子2006电磁场操作实验报告,4,11.14,single_page_multi_file,电磁场 | 电子2006电磁场操作实验报告 | 实验报告 | 电子2006 | 刘翔宇 | U202014854 | 课程作业 | 电磁场与电磁波 | 电子2006班,收录电磁场相关电子2006电磁场操作实验报告，共4个文件，约11.1MB。关键词：电磁场、实验报告、电子2006、刘翔宇、U202014854、课程作业、电磁场与电磁波、电子2006班。内容概览：电子2006班刘翔宇（学号U202014854）的电磁场课程作业文档，可能包含电磁场理论、计算或实验相关内容，适用于课程学习与复习。 电磁场与电磁波实验报告，包含实验二和实验三的内容，由电子2006班郭睿媛完成。
87,skipped_by_default_policy,电磁场电磁场与电磁波习题答案 Chapter.1,课程,电磁场,电磁场与电磁波习题答案 Chapter.1,7,0.2,single_page_multi_file,电磁场 | 电磁场与电磁波习题答案 Chapter.1 | 习题 | 电荷 | 电磁学 | 课程名 | 知识点 | 资料类型 | 年份,收录电磁场相关电磁场与电磁波习题答案 Chapter.1，共7个文件，约0.2MB。关键词：电磁场、习题、电荷、电磁学、课程名、知识点、资料类型、年份。内容概览：电磁学定义：研究静止或运动电荷引起的电和磁现象。历史：Thales of Miletus发现琥珀摩擦后吸引轻小物体，希腊语“electron”衍生出电子、电等词汇。 本文讨论了电路理论无法充分解释的两种现象：无线互联网服务提供商（WISP）通过天线在空气中传输信号，无闭合回路；光纤通信中光信号在光纤内传输，无集总参数。两者均涉及分布参数，超出电路理论适用范围
88,skipped_by_default_policy,电磁场电磁场与电磁波习题答案 Chapter.10,课程,电磁场,电磁场与电磁波习题答案 Chapter.10,106,7.26,consider_zip_or_split,电磁场 | 电磁场与电磁波习题答案 Chapter.10 | 截止频率 | 波导 | 矩形波导 | 衰减常数 | TM模式 | 平行板波导 | 谐振频率,收录电磁场相关电磁场与电磁波习题答案 Chapter.10，共106个文件，约7.3MB。关键词：电磁场、截止频率、波导、矩形波导、衰减常数、TM模式、平行板波导、谐振频率。内容概览：该PDF文件为电磁场课程习题解答，针对任意截面直波导中波行为，推导了横向场分量用纵向场分量表示的通用公式，并证明了时谐激励下的两个关系式。涉及麦克斯韦方程、亥姆霍兹方程等知识点。 该资料为电磁场课程习题解答，针对均匀波导中三种基本传播波类型（TEM、TM、TE波）的定义进行解析，基于电场或磁场沿传播方向的分量分类。
89,skipped_by_default_policy,电磁场电磁场与电磁波习题答案 Chapter.11,课程,电磁场,电磁场与电磁波习题答案 Chapter.11,90,4.89,consider_zip_or_split,电磁场 | 电磁场与电磁波习题答案 Chapter.11 | 天线 | 辐射电阻 | 辐射方向图 | 习题 | 天线阵列 | 赫兹偶极子 | 方向性,收录电磁场相关电磁场与电磁波习题答案 Chapter.11，共90个文件，约4.9MB。关键词：电磁场、天线、辐射电阻、辐射方向图、习题、天线阵列、赫兹偶极子、方向性。内容概览：从麦克斯韦方程组出发，推导简单介质中电场E和磁场H的非齐次波动方程。通过对电场旋度方程取旋度并代入其他方程，得到E的波动方程；类似地，对磁场旋度方程取旋度并代入，得到H的波动方程。 该文本片段解释了什么是基本磁偶极子，通过磁矩分析其磁性强弱和方向，指出电子因自旋具有磁偶极矩，磁偶极矩大小与电流、面积和最大扭矩成正比。
90,skipped_by_default_policy,电磁场电磁场与电磁波习题答案 Chapter.2,课程,电磁场,电磁场与电磁波习题答案 Chapter.2,67,3.78,consider_zip_or_split,电磁场 | 电磁场与电磁波习题答案 Chapter.2 | 习题 | 矢量场 | 散度 | 梯度 | 旋度 | 矢量函数 | 向量运算,收录电磁场相关电磁场与电磁波习题答案 Chapter.2，共67个文件，约3.8MB。关键词：电磁场、习题、矢量场、散度、梯度、旋度、矢量函数、向量运算。内容概览：该PDF为电磁场课程习题，涉及向量A、B、C的基本运算，包括求单位向量、向量差、点积、夹角、方向分量、叉积及混合积，适合复习向量代数基础。 该PDF文件包含一道关于向量点积运算的习题，探讨(A·B)C是否等于A(B·C)。通过分步推导，利用点积定义和向量乘法，最终证明两者不相等，因为点积结果与向量乘积的顺序有关。
91,skipped_by_default_policy,电磁场电磁场与电磁波习题答案 Chapter.3,课程,电磁场,电磁场与电磁波习题答案 Chapter.3,94,6.32,consider_zip_or_split,电磁场 | 电磁场与电磁波习题答案 Chapter.3 | 电场强度 | 习题 | 高斯定律 | 介电常数 | 电容 | 电场 | 电势,收录电磁场相关电磁场与电磁波习题答案 Chapter.3，共94个文件，约6.3MB。关键词：电磁场、电场强度、习题、高斯定律、介电常数、电容、电场、电势。内容概览：该文本涉及电子束在偏转电场中的运动分析，求解电子束到达屏幕时的入射角α与偏转电场强度Ed的关系，以及偏转板宽度w与长度L满足d1=d0/20的条件。通过公式推导得出角度表达式和w与L的比例关系。 本文探讨了点电荷和电偶极子的电场强度随距离的变化规律。点电荷的电场强度与距离的平方成反比，而电偶极子的电场强度与距离的三次方成反比。通过公式推导和步骤分析，明确了两
92,skipped_by_default_policy,电磁场电磁场与电磁波习题答案 Chapter.4,课程,电磁场,电磁场与电磁波习题答案 Chapter.4,49,4.0,single_page_multi_file,电磁场 | 电磁场与电磁波习题答案 Chapter.4 | 拉普拉斯方程 | 边界条件 | 习题 | 镜像法 | 电势分布 | 电场强度 | 点电荷,收录电磁场相关电磁场与电磁波习题答案 Chapter.4，共49个文件，约4.0MB。关键词：电磁场、拉普拉斯方程、边界条件、习题、镜像法、电势分布、电场强度、点电荷。内容概览：平行板电容器上下极板间距d，电势分别为V0和0。介电常数6.0、厚度0.8d的电介质板置于下极板上。忽略边缘效应，求电介质内和空气间隙的电势与电场分布，上下极板面电荷密度，并与无电介质时比较。 平行板电容器接固定电压时，电场强度与介电常数成反比，电通密度与介电常数无关。推导基于电容公式和电场强度、电通密度的定义。
93,skipped_by_default_policy,电磁场电磁场与电磁波习题答案 Chapter.5,课程,电磁场,电磁场与电磁波习题答案 Chapter.5,48,2.69,single_page_multi_file,电磁场 | 电磁场与电磁波习题答案 Chapter.5 | 电流密度 | 电导率 | 习题 | 电阻 | 电场强度 | 边界条件 | 拉普拉斯方程,收录电磁场相关电磁场与电磁波习题答案 Chapter.5，共48个文件，约2.7MB。关键词：电磁场、电流密度、电导率、习题、电阻、电场强度、边界条件、拉普拉斯方程。内容概览：针对空间电荷限制真空二极管，求解电极间电势V(y)和电场E(y)、总电荷量、阴极和阳极表面电荷，以及电子从阴极到阳极的渡越时间（V0=200V，d=1cm）。 该文本解释了欧姆定律的点形式推导过程，从电荷载流子的稳态运动出发，定义电流密度J，并引入电子迁移率和电导率，最终得到J=σE的点形式欧姆定律。
94,skipped_by_default_policy,电磁场电磁场与电磁波习题答案 Chapter.6,课程,电磁场,电磁场与电磁波习题答案 Chapter.6,101,6.21,consider_zip_or_split,电磁场 | 电磁场与电磁波习题答案 Chapter.6 | 磁通密度 | 习题 | 磁场强度 | 互感 | 安培环路定律 | 矢量磁位 | 力,收录电磁场相关电磁场与电磁波习题答案 Chapter.6，共101个文件，约6.2MB。关键词：电磁场、磁通密度、习题、磁场强度、互感、安培环路定律、矢量磁位、力。内容概览：该PDF文件为电磁场课程习题Problem_1，涉及点电荷在均匀磁场中的运动。给定正点电荷q、质量m、初速度u0沿y方向，磁场B沿x方向。通过洛伦兹力推导运动方程，求解二阶线性齐次微分方程，得到电荷在y-z平面内的圆周运动轨迹，并给出位移表达式。 磁通量守恒定律指出，通过任意闭合曲面的总磁通量为零，即磁场线无源，不存在孤立磁荷。该定律可用点形式和积分形式表示
95,uploaded,电磁场电磁场与电磁波习题答案 Chapter.7,课程,电磁场,电磁场与电磁波习题答案 Chapter.7,74,3.54,consider_zip_or_split,电磁场 | 电磁场与电磁波习题答案 Chapter.7 | 习题 | 磁场 | 电场 | 麦克斯韦方程 | 矢量磁位 | 麦克斯韦方程组 | 边界条件,收录电磁场相关电磁场与电磁波习题答案 Chapter.7，共74个文件，约3.5MB。关键词：电磁场、习题、磁场、电场、麦克斯韦方程、矢量磁位、麦克斯韦方程组、边界条件。内容概览：该文本片段推导了静止回路中变压器电动势用随时间变化的矢量磁位A表示的公式，涉及法拉第定律、磁通量、矢量磁位与磁场的关系以及斯托克斯定理的应用。 理想变压器的特性包括：磁导率无穷大、绕组电阻为零、无漏磁通，且原副边电压比等于匝数比，电流比等于匝数反比。
96,uploaded,电磁场电磁场与电磁波习题答案 Chapter.8,课程,电磁场,电磁场与电磁波习题答案 Chapter.8,88,6.0,consider_zip_or_split,电磁场 | 电磁场与电磁波习题答案 Chapter.8 | 均匀平面波 | 反射系数 | 习题 | 平面波 | 传输系数 | 垂直极化 | 平行极化,收录电磁场相关电磁场与电磁波习题答案 Chapter.8，共88个文件，约6.0MB。关键词：电磁场、均匀平面波、反射系数、习题、平面波、传输系数、垂直极化、平行极化。内容概览：推导无源导电介质中E和H场的波方程，基于麦克斯韦方程和本构关系，通过安培定律和法拉第定律的旋度运算得到波动方程。 相速度是等相位面传播的速度，由角频率与波数之比给出，等于光速，适用于纯正弦波，且在某些情况下波速依赖于频率。
97,skipped_by_default_policy,电磁场电磁场与电磁波习题答案 Chapter.9,课程,电磁场,电磁场与电磁波习题答案 Chapter.9,109,6.36,consider_zip_or_split,电磁场 | 电磁场与电磁波习题答案 Chapter.9 | 传输线 | 特性阻抗 | 反射系数 | 负载阻抗 | 驻波比 | 输入阻抗 | 史密斯圆图,收录电磁场相关电磁场与电磁波习题答案 Chapter.9，共109个文件，约6.4MB。关键词：电磁场、传输线、特性阻抗、反射系数、负载阻抗、驻波比、输入阻抗、史密斯圆图。内容概览：该PDF文件为电磁场课程习题解答，证明沿平行板传输线+z方向传播的y极化TEM波满足特定场分量关系。通过亥姆霍兹方程推导电场和磁场的传播方向及表达式，最终验证其横电磁波特性。 解释striplines（带状线）是平行板传输线的改进形式，用于固态微波器件和系统。
98,uploaded,电磁场课件,课程,电磁场,课件,22,50.06,single_page_multi_file,电磁场 | 课件 | 静电场 | 基本方程 | 边值问题 | 时变场 | 时谐场 | 波导管 | 波导,收录电磁场相关课件，共22个文件，约50.1MB。关键词：电磁场、静电场、基本方程、边值问题、时变场、时谐场、波导管、波导。内容概览：静电场基本方程的PPT课件，涵盖电磁场学科中的静电场核心方程。 静电场边值问题的PPT课件
99,uploaded,电磁场课程资料,课程,电磁场,课程资料,4,23.97,single_page_multi_file,电磁场 | 课程资料 | 无损耗均匀传输线 | 暂态分析 | 传输线方程 | 波反射 | 波透射 | 电动力学 | 矢势,收录电磁场相关课程资料，共4个文件，约24.0MB。关键词：电磁场、无损耗均匀传输线、暂态分析、传输线方程、波反射、波透射、电动力学、矢势。内容概览：第21章无损耗均匀传输线的暂态分析，包括传输线微分方程、通解、发出波、反射与透射、多次反射。 电动力学总结，包含电磁场基本方程、矢势标势、达朗贝尔方程、推迟势、反射折射、波导、辐射等核心内容。
100,uploaded,电路实验lesson_1,课程,电路实验,lesson_1,2,6.2,single_page_multi_file,电路实验 | lesson_1 | 电路测试技术基础 | 虚拟仪器 | 实验简介 | 课程内容 | 成绩分配 | 实验室开放 | 直流单元 | 实验规则,收录电路实验相关lesson_1，共2个文件，约6.2MB。关键词：电路测试技术基础、虚拟仪器、实验简介、课程内容、成绩分配、实验室开放、直流单元、实验规则。内容概览：电路测试实验课程介绍，涵盖基本测试原理、误差分析、仪器使用、测量方法、安全操作及仿真技术。成绩由平时、综合实验和期末考试构成，实验室开放供预习不足学生补充实验。引入虚拟仪器技术。 电路实验课程第一次课，介绍电路测试技术基础直流单元，强调实验规则包括安全操作、接线原则、仪表使用及实验台整理。
101,uploaded,电路实验lesson_2,课程,电路实验,lesson_2,4,2.6,single_page_multi_file,电路实验 | lesson_2 | 故障检查 | 线性有源一端口网络 | 电压表 | 电流表 | 二极管 | 电阻 | 短路,收录电路实验相关lesson_2，共4个文件，约2.6MB。关键词：电路实验、故障检查、线性有源一端口网络、电压表、电流表、二极管、电阻、短路。内容概览：实验三故障检查，学习用电压表和电流表查找电路故障，包括电阻短路/开路、二极管开路/短路/反接等故障类型，记录检测步骤与数据，画出实际故障线路图。 本实验学习线性有源一端口网络等效电路参数的测量方法，要求设计开路电压约8V、等效电阻约100-120Ω的网络，测量端口伏安特性并计算等效参数，最后验证原网络与等效网络的等效性。
102,uploaded,电路实验lesson_3,课程,电路实验,lesson_3,3,1.92,single_page_multi_file,电路实验 | lesson_3 | 交流参数 | 三表法 | 同名端 | 互感系数 | 等效电感法 | 互感 | 互感电动势法,收录电路实验相关lesson_3，共3个文件，约1.9MB。关键词：电路实验、交流参数、三表法、同名端、互感系数、等效电感法、互感、互感电动势法。内容概览：实验四介绍用三表法（交流电流表、电压表、功率表）测量无源网络交流等效参数，以及测量耦合线圈同名端和互感系数的方法。内容包括实验目的、预习要求、任务与方法（如等效电感法和互感电动势法）、注意事项及报告要求。 实验四要求完成三件事：用等效电感法判断互感元件同名端并填表1；测互感系数M，包括等效电感法（填表2）和互感电动势法（自设计线路）；用三表法测交流参数并判断
103,uploaded,电路实验lesson_4,课程,电路实验,lesson_4,4,2.13,single_page_multi_file,电路实验 | lesson_4 | 实验 | 日光灯电路 | 功率因数 | 三相电路 | 提高功率因数 | 星形连接 | 对称负载,收录电路实验相关lesson_4，共4个文件，约2.1MB。关键词：实验、日光灯电路、功率因数、三相电路、提高功率因数、电路实验、星形连接、对称负载。内容概览：本实验旨在加深对提高功率因数意义的理解，掌握提高功率因数的方法，并了解日光灯电路的工作原理。通过测量不同电容值下的电压、电流、功率等数据，绘制cosφ=f(C)和I=f(C)曲线，并计算使负载端cosφ=1所需并联电容值。 实验六研究三相电路星形连接下对称与不对称负载的电压电流关系，包括相序测定、负载对称/不对称工况测量，以及有/无中线的影响。实验要求预习相
104,uploaded,电路实验lesson_5,课程,电路实验,lesson_5,4,2.2,single_page_multi_file,电路实验 | lesson_5 | 示波器 | 元件特性 | 相位差 | 伏安特性 | 一阶电路 | 实验七 | 实验指导,收录电路实验相关lesson_5，共4个文件，约2.2MB。关键词：示波器、电路实验、元件特性、相位差、伏安特性、一阶电路、实验七、实验指导。内容概览：实验指导书，介绍用示波器测量电压、电流、相位差及元件特性的方法。包括RC移相电路相位差测量（直接法、椭圆截距法、示波器直接读取）和线性/非线性电阻伏安特性曲线测量。 本实验学习用示波器观察一阶电路过渡过程，测量时间常数，并观察RC电路在方波激励下的响应规律。通过选择不同电阻值，观察不同时间常数下的电压电流波形，并测量时间常数与理论值对比。
105,uploaded,电路实验lesson_6,课程,电路实验,lesson_6,4,1.26,single_page_multi_file,电路实验 | lesson_6 | 二阶电路 | 过阻尼 | 欠阻尼 | 谐振频率 | 幅频特性 | 相频特性 | 串联谐振,"收录电路实验相关lesson_6，共4个文件，约1.3MB。关键词：二阶电路、过阻尼、欠阻尼、电路实验、谐振频率、幅频特性、相频特性、串联谐振。内容概览：本实验研究RLC串联二阶电路在正方波激励下的响应，通过改变电阻R使电路处于过阻尼或欠阻尼状态，观察并记录u_s、u_C、i_L波形，计算振荡角频率和阻尼系数，绘制状态轨迹。实验需预习理论知识并确定参数（L=100mH, C=0.1μF, 方波10Vpp, 200Hz）。 本实验旨在观察RLC串联谐振现象，理解谐振条件与特点，学习测定频率特性曲线。实验要求预习"
106,uploaded,电路实验simulation1,课程,电路实验,simulation1,4,1.2,single_page_multi_file,电路实验 | simulation1 | 线性有源一端口网络 | 等效参数测量 | Multisim | 仿真实验 | 戴维南等效 | 开路电压 | 等效电阻,收录电路实验相关simulation1，共4个文件，约1.2MB。关键词：线性有源一端口网络、等效参数测量、Multisim、电路实验、仿真实验、戴维南等效、开路电压、等效电阻。内容概览：本文件为华中科技大学《电路测试技术基础》课程实验二的仿真要求，涉及线性有源一端口网络等效参数（开路电压、短路电流、等效电阻）的测量。任务包括设计含1-2个独立电压源和3-4个电阻的混联电路，确保元件安全；通过Multisim仿真获得端口伏安关系，并构建戴维南等效电路。预习要求涵盖电路创建、直流扫描分析、参数扫描求最大功率及等效参数测量方法。 该仿真实验报告涉
107,uploaded,电路实验simulation3,课程,电路实验,simulation3,3,1.88,single_page_multi_file,电路实验 | simulation3 | 二阶电路 | RLC串联 | 暂态响应 | 过阻尼 | 欠阻尼 | Multisim | 状态轨迹 | 实验指导,"收录电路实验相关simulation3，共3个文件，约1.9MB。关键词：二阶电路、RLC串联、暂态响应、过阻尼、欠阻尼、Multisim、状态轨迹、实验指导。内容概览：本实验指导书针对RLC串联二阶电路在正方波激励下的响应，涵盖过阻尼与欠阻尼状态的波形观察、状态轨迹绘制及振荡角频率与阻尼系数的测量。实验要求掌握暂态过程理论，确定电路参数（L=100mH, C=0.1μF），并记录电阻值。 华中科技大学电路测试技术基础课程实验十：二阶电路响应仿真要求。使用Multisim软件对RLC串联二阶电路进行仿真，改变电阻R使电容电压"
108,uploaded,电路测试技术实验报告-电气,课程,电路实验,实验资料,1,0.18,single_page_multi_file,电路实验 | 实验资料 | 电路测试技术 | 实验报告 | 线性有源一端口网络 | 等效参数 | 电气,收录电路实验相关实验资料，共1个文件，约0.2MB。关键词：电路测试技术、实验报告、线性有源一端口网络、等效参数、电气。内容概览：华中科技大学电气与电子工程学院电路测试课程组的实验报告说明，涵盖实验目的、原理、任务、数据记录、结果分析及报告要求，强调预习、原始记录和工程化绘图。
109,skipped_by_default_policy,电路实验教材,课程,电路实验,教材,2,133.8,single_page_multi_file,电路实验 | 教材 | 电子技术基础实验 | 电子电路实验 | 设计 | 现代EDA技术 | 扫描件,收录电路实验相关教材，共2个文件，约133.8MB。关键词：电路实验、电子技术基础实验、电子电路实验、设计、现代EDA技术、教材、扫描件。内容概览：该资料为电子技术基础实验与电子电路实验的设计及现代EDA技术相关PDF文件，涵盖电路实验课程中的实验设计、电子电路分析与EDA技术应用，适合电路实验课程学习参考。 电路实验课程的教材扫描件。
110,uploaded,电路实验综合试验,课程,电路实验,综合试验,4,406.94,single_page_multi_file,电路实验 | 综合试验 | 电机调速 | PWM | LabVIEW | ULN2003 | 实验要求 | 电路测试 | 综合实验 | 实验项目,收录电路实验相关综合试验，共4个文件，约406.9MB。关键词：电机调速、PWM、LabVIEW、ULN2003、实验要求、电路测试、综合实验、实验项目。内容概览：电路测试综合实验项目的PPT演示文稿 利用NI-myDAQ进行电机调速实验，通过LabVIEW编程输出PWM波，经ULN2003驱动直流电机，实现占空比可调的转速控制。
111,uploaded,电路理论复习资料,课程,电路理论,复习资料,13,80.35,single_page_multi_file,电路理论 | 复习资料 | 串讲 | 电分 | 电路分析 | 三相电路 | 电气学院 | 样卷 | 勘误,收录电路理论相关复习资料，共13个文件，约80.4MB。关键词：电路理论、串讲、电分、电路分析、三相电路、电气学院、样卷、勘误。内容概览：电路分析上册串讲课件，由毛晨燊制作。 电路分析上册串讲课件，作者方凯嵩。
112,uploaded,电路理论往年题,课程,电路理论,往年题,13,45.82,single_page_multi_file,电路理论 | 往年题 | 试卷 | 答案 | 真题 | 回忆版 | 电气学院 | 电路 | 样卷,收录电路理论相关往年题，共13个文件，约45.8MB。关键词：电路理论、试卷、答案、真题、回忆版、电气学院、电路、样卷。内容概览：2019-2020学年电路理论课程试卷及答案，共4页。 2023-2024学年春季学期电路理论期末考试试卷及参考答案（回忆版），包含十道大题，涵盖电路分析、戴维南定理、最大功率传输、正弦稳态、三相电路等知识点。
113,skipped_by_default_policy,电路理论教材,课程,电路理论,教材,5,407.48,single_page_multi_file,电路理论 | 教材 | 基础篇 | 颜秋容 | 第2版 | 高级篇 | 第二版 | 第6-13章,收录电路理论相关教材，共5个文件，约407.5MB。关键词：电路理论、基础篇、教材、颜秋容、第2版、高级篇、第二版、第6-13章。内容概览：电路理论基础篇教材 电路理论基础篇第2版教材，涵盖电路基本概念、定律和分析方法，适合初学者系统学习电路理论。
114,uploaded,第12章三相正弦稳态电路,课程,电路理论,课件,1,2.19,single_page_multi_file,电路理论 | 课件 | 三相电路 | 正弦稳态 | 电路分析,收录电路理论相关课件，共1个文件，约2.2MB。关键词：三相电路、正弦稳态、电路分析。内容概览：第12章三相正弦稳态电路PPT课件
115,uploaded,电路理论课程资料,课程,电路理论,课程资料,22,37.53,single_page_multi_file,电路理论 | 课程资料 | 零输入响应 | 全响应 | 正弦稳态电路 | 动态电路 | 正弦稳态分析 | 电路模型 | 基本定律,收录电路理论相关课程资料，共22个文件，约37.5MB。关键词：电路理论、零输入响应、全响应、正弦稳态电路、动态电路、正弦稳态分析、电路模型、基本定律。内容概览：第18章动态电路的状态方程，包括状态变量分析的基本概念、状态方程的建立、复频域解法和状态空间与状态轨迹。 第16章二端口网络，包括定义、参数、等效电路、相互连接及有载二端口网络。
116,skipped_by_default_policy,西方经济学教材,课程,西方经济学,教材,2,186.01,single_page_multi_file,西方经济学 | 教材 | 第二版 | 宏观经济学 | 微观经济学 | 下册 | 宏观经济,收录西方经济学相关教材，共2个文件，约186.0MB。关键词：西方经济学、教材、第二版、宏观经济学、微观经济学、下册、宏观经济。内容概览：《西方经济学（第二版）上册》是高校经济学基础教材，涵盖微观与宏观经济学核心理论，适合本科教学使用。 《西方经济学（第二版）下册》是《西方经济学》编写组编写的宏观经济学教材，涵盖国民收入决定、失业与通货膨胀、经济增长等核心内容，适合高校经济学课程使用。
117,uploaded,计算机复习资料,课程,计算机,复习资料,3,6.83,single_page_multi_file,计算机 | 复习资料 | 逻辑代数 | 数字电路与逻辑设计 | 逻辑门电路 | CMOS | TTL | MOS管 | 数字逻辑 | 数制转换,收录计算机相关复习资料，共3个文件，约6.8MB。关键词：逻辑代数、数字电路与逻辑设计、逻辑门电路、CMOS、TTL、MOS管、数字逻辑、数制转换。内容概览：本章介绍逻辑门电路的基本概念、分类及工作原理，重点讲解CMOS和TTL门电路的结构、特性与应用，包括MOS管的开关特性、基本逻辑门（与、或、与非等）的功能，以及三态门、OD门和传输门等特殊门电路。同时涵盖逻辑门电路的使用注意事项和Verilog HDL描述方法。 计算机学科数字逻辑课程习题，涵盖二进制数识别、十进制与二进制/八进制/十六进制转换、原码反码补码
118,uploaded,计算机实验资料,课程,计算机,实验资料,2,6.84,single_page_multi_file,计算机 | 实验资料 | 信号与系统 | 语音伪装器 | 工程设计 | 2024 | 计算机组成原理 | 数据表示实验 | 运算器实验 | 实验报告,收录计算机相关实验资料，共2个文件，约6.8MB。关键词：信号与系统、语音伪装器、工程设计、2024、计算机组成原理、数据表示实验、运算器实验、实验报告。内容概览：华中科技大学光学与电子信息学院《信号与系统》课程工程设计报告，题目为语音伪装器设计。报告包括变声原理理论模型（重采样、时域压拓、Griffin & Lim算法、STFT瞬时频率估算、PV-TSM原理）和程序设计（GUI、音频录制播放、波形频谱显示、主要函数如wsola时间伸缩、pitch_shift_audio音高变换、formant_shift共振峰移位）
119,uploaded,2025年 电信 计算机组成原理与接口技术 考试卷回忆版初稿（计组 微机原理）,课程,计算机,往年题,1,0.78,single_page_multi_file,计算机 | 往年题 | 计算机组成原理 | 接口技术 | 考试卷 | 回忆版 | 2025年 | 填空题 | MIPS汇编 | 单精度浮点数,收录计算机相关往年题，共1个文件，约0.8MB。关键词：计算机组成原理、接口技术、考试卷、回忆版、2025年、填空题、MIPS汇编、单精度浮点数。内容概览：2025年电信学院计算机组成原理与接口技术考试回忆版，包含填空题（单精度浮点数、C语言溢出、计算机组成结构、PC寄存器）和MIPS汇编题（递归求数位和、大小写翻转），涉及栈操作、大小端存储等知识点。
120,uploaded,计算机课程资料,课程,计算机,课程资料,2,3.3,single_page_multi_file,计算机 | 课程资料 | 二进制 | 算术运算 | 无符号数 | 有符号数 | 加法 | 减法 | 乘法 | 保研,收录计算机相关课程资料，共2个文件，约3.3MB。关键词：二进制、算术运算、无符号数、有符号数、加法、减法、乘法、保研。内容概览：介绍二进制数的算术运算，包括无符号和有符号数的加法、减法、乘法规则及示例。 华中科技大学集成电路学院2025年保研手册，包含指导委员会、编委会及版权信息。
121,skipped_by_default_policy,课外书教材,课程,课外书,教材,11,356.22,single_page_multi_file,课外书 | 教材 | 小说 | 余华 | 2018 | Educated | Tara Westover | 回忆录 | 非虚构,收录课外书相关教材，共11个文件，约356.2MB。关键词：课外书、小说、余华、2018、Educated、Tara Westover、回忆录、非虚构。内容概览：《Educated》是Tara Westover的回忆录，讲述她如何在极端生存主义家庭中成长，通过自学考入大学，最终获得剑桥大学博士学位的故事。本书探讨教育、家庭、身份认同等主题，出版于2018年。 张维为《中国三部曲》包括《中国震撼》《中国触动》《中国超越》，探讨中国作为文明型国家的崛起、观察与思考，以及光荣与梦想。
122,uploaded,置身事内 中国政府与经济发展【复旦经院“毕业课”解读经济生活背后的政府角色。罗永浩、刘格菘、张军、,课程,课外书,课程资料,1,4.66,single_page_multi_file,课外书 | 课程资料 | 置身事内 | 中国政府与经济发展 | 兰小欢 | 政府角色 | 经济发展,收录课外书相关课程资料，共1个文件，约4.7MB。关键词：置身事内、中国政府与经济发展、兰小欢、政府角色、经济发展、课外书。内容概览：本书由兰小欢撰写，深入剖析中国政府在经济发展中的角色与作用，结合现实案例，解读经济生活背后的政府逻辑，适合对政治经济学感兴趣的读者。
123,uploaded,近现代史复习资料,课程,近现代史,复习资料,5,1.02,single_page_multi_file,近现代史 | 复习资料 | 鸦片战争 | 半殖民地半封建社会 | 中国近现代史纲要 | 选择题题库 | 南京条约 | 英国资产阶级革命 | 资本输出,收录近现代史相关复习资料，共5个文件，约1.0MB。关键词：近现代史、鸦片战争、半殖民地半封建社会、中国近现代史纲要、选择题题库、南京条约、英国资产阶级革命、资本输出。内容概览：本文档为近现代史课程课后思考题参考答案，涵盖鸦片战争作为中国近代史起点的原因、近代中国的主要矛盾、社会性质及其基本特征等核心知识点，适合复习备考使用。 《中国近现代史纲要》选择题题库，包含鸦片战争、近代中国社会矛盾、不平等条约等知识点，附答案，适合复习备考。
124,uploaded,量子力学复习资料,课程,量子力学,复习资料,8,55.07,single_page_multi_file,量子力学 | 复习资料 | 曾谨言 | 曾谨言教程 | 答案 | 孙雅婷 | 平衡态统计物理 | 刘川 | 北京大学,收录量子力学相关复习资料，共8个文件，约55.1MB。关键词：量子力学、曾谨言、曾谨言教程、答案、孙雅婷、平衡态统计物理、刘川、北京大学。内容概览：孙雅婷整理的《曾谨言教程答案》PDF，涵盖量子力学课程习题解答，适合复习与自测。 刘川编写的《平衡态统计物理》讲义，适用于北京大学物理学院课程。讲义从系综理论出发，略去热力学和非平衡态统计，重点讲述平衡态统计，并融入热力学内容。新增液体统计理论、稀薄等离子体Debye-Hückel理论及自旋模型相变等内容。每章附有习题，分为基础与拓展两类。先修课程为普物热学
125,uploaded,量子力学实验资料,课程,量子力学,实验资料,2,11.64,single_page_multi_file,量子力学 | 实验资料 | 波函数 | 薛定谔方程 | 德布罗意波 | 电子衍射 | 华中科技大学 | 集成电路学院 | 真题,收录量子力学相关实验资料，共2个文件，约11.6MB。关键词：量子力学、波函数、薛定谔方程、德布罗意波、电子衍射、华中科技大学、集成电路学院、真题。内容概览：本章介绍波函数和薛定谔方程，从德布罗意波假设出发，推导物质波的能量动量关系，并回顾1927年戴维孙-革末电子衍射实验验证电子的波动性。最后引入薛定谔方程，建立波函数与粒子能量、动量的联系。 华中科技大学集成电路学院2022级量子力学考题（学生记忆版），包含选择题、简答题（量子力学诞生困难、电子波动性实验）、一维势垒散射、角动量本征态、Lx矩阵本征值、微扰论、
126,uploaded,量子力学往年题,课程,量子力学,往年题,5,36.38,single_page_multi_file,量子力学 | 往年题 | 2025 | 划重点 | 彩印 | 复习资料 | 试题回忆 | 选择题 | 简答题,收录量子力学相关往年题，共5个文件，约36.4MB。关键词：量子力学、2025、划重点、彩印、复习资料、试题回忆、选择题、简答题。内容概览：量子力学课程重点整理资料，彩印版，适用于期末复习或考前冲刺，涵盖核心知识点与考点总结。 2025年量子力学试题回忆版，包含10道选择题（涉及波粒二象性、量子化条件、波函数性质、能级结构、自旋-轨道耦合等）、1道简答题（简述普朗克等科学家的贡献）和7道计算题（涵盖平面波归一化、动量平均值、角动量本征函数、变分法求基态能量、表象变换、全同玻色子波函数、自旋算符等
127,skipped_by_default_policy,量子力学教材,课程,量子力学,教材,14,262.85,single_page_multi_file,量子力学 | 教材 | 刘川 | 北京大学 | 曾谨言 | 教程 | 格里菲斯 | 中文版,收录量子力学相关教材，共14个文件，约262.8MB。关键词：量子力学、教材、刘川、北京大学、曾谨言、教程、格里菲斯、中文版。内容概览：Griffiths《量子力学概论（第三版）》勘误表，机械工业出版社2023年出版，2024年1月第2次印刷。包含从第2页到第336页的多处勘误，涉及公式、脚注、图表和习题的修正，如式(1.2)中常数修正、脚注作者名更正、图2.7纵坐标调整等。适用于使用该教材的师生参考。 张鹏飞编写的《曾谨言导论和教程答案》PDF，提供量子力学课程习题解答，适用于曾谨言教材的
128,skipped_by_default_policy,量子力学格里菲斯和科恩量子力学笔记,课程,量子力学,格里菲斯和科恩量子力学笔记,57,9.91,consider_zip_or_split,量子力学 | 格里菲斯和科恩量子力学笔记 | PDF | 资料 | 波函数 | eps | 能级 | 未知年份 | pdf,收录量子力学相关格里菲斯和科恩量子力学笔记，共57个文件，约9.9MB。关键词：量子力学、PDF、资料、波函数、eps、能级、未知年份、pdf。内容概览：世界图书出版社有限公司北京分公司购权英文图书仅限中国大陆销售，不得销往境外，违者追究法律责任。封面包含版权警告及扫码惊喜提示。 量子力学入门教材，涵盖波函数、薛定谔方程、定态问题、一维势阱（无限深、有限深、δ函数）、简谐振子、自由粒子、形式化理论（可观测量、不确定性原理、表象理论）及三维空间量子力学（氢原子）。适合初学者，无应用与例题。
129,uploaded,量子力学课件,课程,量子力学,课件,4,30.96,single_page_multi_file,量子力学 | 课件 | 讲义 | 陈童 | 2021 | 电动力学 | 刘川 | 北京大学 | 2003,收录量子力学相关课件，共4个文件，约31.0MB。关键词：量子力学、讲义、陈童、2021、电动力学、刘川、北京大学、2003。内容概览：陈童编写的《量子力学新讲》讲义，涵盖量子力学建立、普朗克能量量子化、玻尔氢原子模型、波粒二象性等内容，适用于学习与教学。 北京大学刘川教授编写的经典电动力学讲义，版本历经多次更新（1.0至1.5），涵盖静电学、电磁波传播、辐射、多极场、色散介质、波导与光纤等内容，采用国际单位制与高斯制混合使用，适合物理专业学生与教师学习参考。
130,uploaded,量子力学笔记—冷轩(宁波大学物理与技术学院，讲师),课程,量子力学,课程资料,1,6.74,single_page_multi_file,量子力学 | 课程资料 | 冷轩 | 笔记 | 2021,收录量子力学相关课程资料，共1个文件，约6.7MB。关键词：量子力学、冷轩、笔记、2021。内容概览：冷轩（宁波大学物理与技术学院讲师）编写的量子力学笔记，包含个人主页、科研工作及联动文档链接，强调内容可能存在疏漏，欢迎指正。
131,uploaded,马原复习资料,课程,马原,复习资料,17,43.07,single_page_multi_file,马原 | 复习资料 | 马克思主义基本原理 | PDF | 复习提纲 | 导论 | 复习笔记 | 题库 | 模电,收录马原相关复习资料，共17个文件，约43.1MB。关键词：马原、马克思主义基本原理、PDF、复习提纲、导论、复习笔记、题库、模电。内容概览：本文为马克思主义基本原理导论复习笔记，涵盖马克思主义的定义、组成（哲学、政治经济学、科学社会主义）及基本原理，并介绍其创立的社会历史条件、工人运动背景和思想理论渊源。 马原课程2023年总复习PPT，涵盖核心知识点与复习要点。
132,skipped_by_default_policy,马原往年题,课程,马原,往年题,26,35.98,single_page_multi_file,马原 | 往年题 | 选择题 | 马克思主义基本原理 | 提纲 | 原理 | 2023-2024 | A卷 | 考试,收录马原相关往年题，共26个文件，约36.0MB。关键词：马原、选择题、马克思主义基本原理、提纲、原理、2023-2024、A卷、考试。内容概览：2020年6月模拟电子技术期末考试试卷，适用于马原学科，包含电路分析、放大电路等核心知识点，适合复习备考。 2021-2022学年马克思主义基本原理期末考试试卷，适用于高校马原课程复习备考。
133,skipped_by_default_policy,马原教材,课程,马原,教材,15,31.56,single_page_multi_file,马原 | 教材 | 马克思主义基本原理 | 导论 | 2023年版 | 复习提纲 | 马克思主义 | 世界的物质性及发展规律,收录马原相关教材，共15个文件，约31.6MB。关键词：马原、教材、马克思主义基本原理、导论、2023年版、复习提纲、马克思主义、世界的物质性及发展规律。内容概览：本导论介绍马克思主义的含义、创立、发展、基本特征及当代价值，强调马克思主义是科学理论体系，包含哲学、政治经济学和科学社会主义三部分，并阐述其基本立场、观点和方法。 本章介绍辩证唯物主义基本原理，包括物质观、世界的物质统一性、物质与意识的辩证关系、联系与发展的基本规律等。强调运用唯物辩证法分析解决问题，增强思维能力。涵盖哲学基本问题、物质范畴的历史发展等内容。
134,skipped_by_default_policy,马原每章的讲解,课程,马原,每章的讲解,8,16.8,single_page_multi_file,马原 | 每章的讲解 | 复习笔记 | docx | 唯物史观 | 马克思主义基本原理 | 导论 | 马克思主义定义 | 马克思主义组成,收录马原相关每章的讲解，共8个文件，约16.8MB。关键词：马原、复习笔记、docx、唯物史观、马克思主义基本原理、导论、马克思主义定义、马克思主义组成。内容概览：该文档为马克思主义基本原理课程的导论复习笔记，涵盖马克思主义的定义、组成（哲学、政治经济学、科学社会主义）及基本原理，并介绍其创立的社会历史条件、工人运动背景和思想理论渊源（德国古典哲学、英国古典政治经济学、英法空想社会主义）。 本章探讨世界的物质统一性，阐述哲学基本问题、唯物主义与唯心主义对立，以及马克思主义物质观。强调物质是世界的本原，运动是物质的根本属
135,uploaded,马原课程资料,课程,马原,课程资料,6,38.09,single_page_multi_file,马原 | 课程资料 | 实践与认识 | 认识论 | 科学实践观 | PDF | 实践观 | 真理 | 价值,收录马原相关课程资料，共6个文件，约38.1MB。关键词：马原、实践与认识、认识论、科学实践观、PDF、实践观、真理、价值。内容概览：本章介绍马克思主义实践观、认识论和价值论，阐述实践的本质、认识的发展规律、真理的客观性及真理与价值的辩证统一，强调实践是检验真理的唯一标准，并探讨理论创新与实践创新的良性互动。 本章学习历史唯物主义基本原理，包括社会存在与社会意识的辩证关系、社会基本矛盾及其运动规律、文明多样性、社会发展动力及人民群众和个人在社会历史中的作用。通过马克思和恩格斯的唯物史观，揭
136,uploaded,马原课程资料,课程,马原,马原,36,59.74,single_page_multi_file,马原 | 马克思主义基本原理 | 复习提纲 | 试卷 | 华中科技大学 | 选择题 | 模电 | 导论,收录马原相关马原，共36个文件，约59.7MB。关键词：马原、马克思主义基本原理、复习提纲、试卷、华中科技大学、选择题、模电、导论。内容概览：华中科技大学2019-2020学年第二学期模拟电子技术（二）期末考试A卷，闭卷，150分钟。包含运算放大器电路、MOSFET放大器、BJT功率放大器及负反馈电路等题目，涉及静态工作点、小信号等效电路、最大输出功率、反馈组态等知识点。 华中科技大学2019-2020学年第二学期模拟电子技术基础期末考试A卷，闭卷，时长150分钟，总分100分。包含运算放大器电路
137,uploaded,从打印店找的去年论述题与材料分析题答案,课程,马原,马原复习课,1,0.02,single_page_multi_file,马原 | 马原复习课 | 论述题 | 材料分析题 | 辩证否定观 | 人民群众 | 联系与发展 | 价值 | 经济基础与上层建筑,收录马原相关马原复习课，共1个文件，约0.0MB。关键词：马原、论述题、材料分析题、辩证否定观、人民群众、联系与发展、价值、经济基础与上层建筑。内容概览：马原课程论述题与材料分析题答案，涵盖辩证否定观、人民群众历史作用、联系与发展、价值本质、经济基础与上层建筑等知识点，附实例分析，适用于期末复习。
138,skipped_by_default_policy,马原马原预习,课程,马原,马原预习,21,62.7,single_page_multi_file,马原 | 马原预习 | 教材 | 选择题 | 原理 | 考试 | 马克思主义基本原理 | 2023-2024 | A卷,收录马原相关马原预习，共21个文件，约62.7MB。关键词：马原、教材、选择题、原理、考试、马克思主义基本原理、2023-2024、A卷。内容概览：本导论介绍马克思主义的含义、创立、发展、基本特征和当代价值，强调马克思主义是科学理论体系，包含哲学、政治经济学和科学社会主义三部分，并阐述其基本立场、观点和方法。 本章介绍辩证唯物主义基本原理，包括物质范畴、世界的物质统一性、物质与意识的辩证关系、联系和发展的基本规律等。强调哲学基本问题是思维与存在的关系，区分唯物主义与唯心主义。学习目标为掌握科学世界观和方
