src,dst,action,src_size,dst_size,src_sha256,dst_sha256,final_dst,note
C:\Users\Cooper\Desktop\Cooper_bot\data\public\textbook_and_material\马原\马原\2021-2022年A.pdf,C:\Users\Cooper\Desktop\Cooper_bot\data\public\textbook_and_material\马原\2021-2022年A.pdf,delete_duplicate_source,1565383,1565383,252f921fe6612cf2403ddcc04734e4e41e8f6248433d1408bd148af91baed8fb,252f921fe6612cf2403ddcc04734e4e41e8f6248433d1408bd148af91baed8fb,,same filename and same sha256; kept parent copy
C:\Users\Cooper\Desktop\Cooper_bot\data\public\textbook_and_material\马原\马原\2022马 原真题，密码1234.zip,C:\Users\Cooper\Desktop\Cooper_bot\data\public\textbook_and_material\马原\2022马 原真题，密码1234.zip,move_no_conflict,2333230,,7aae32353778f05067dfbe8593d8a5a9ac774ecc6c8a51210f6835eaa0fe57c0,,C:\Users\Cooper\Desktop\Cooper_bot\data\public\textbook_and_material\马原\2022马 原真题，密码1234.zip,
C:\Users\Cooper\Desktop\Cooper_bot\data\public\textbook_and_material\马原\马原\2023-56总复习 (1).ppt,C:\Users\Cooper\Desktop\Cooper_bot\data\public\textbook_and_material\马原\2023-56总复习 (1).ppt,move_no_conflict,9492480,,61e0bd9e74cde2228ed46d82c6e99b401476b6551c7a806ab1944569fdb86dcc,,C:\Users\Cooper\Desktop\Cooper_bot\data\public\textbook_and_material\马原\2023-56总复习 (1).ppt,
C:\Users\Cooper\Desktop\Cooper_bot\data\public\textbook_and_material\马原\马原\2023-56总复习 (1)_20231225201912.pdf,C:\Users\Cooper\Desktop\Cooper_bot\data\public\textbook_and_material\马原\2023-56总复习 (1)_20231225201912.pdf,move_no_conflict,1378687,,fc90e78f5903f99a91fe1ccf085b1699debd7de682401509b9600e9aa04617c9,,C:\Users\Cooper\Desktop\Cooper_bot\data\public\textbook_and_material\马原\2023-56总复习 (1)_20231225201912.pdf,
C:\Users\Cooper\Desktop\Cooper_bot\data\public\textbook_and_material\马原\马原\2023版《马克思主义基本原理》2023-24学年第1学期期末复习提纲.pptx,C:\Users\Cooper\Desktop\Cooper_bot\data\public\textbook_and_material\马原\2023版《马克思主义基本原理》2023-24学年第1学期期末复习提纲.pptx,move_no_conflict,251200,,d48581adef80e3f00ab2161c74aeeb3e84d0b93b3356aeba7634c348e6643811,,C:\Users\Cooper\Desktop\Cooper_bot\data\public\textbook_and_material\马原\2023版《马克思主义基本原理》2023-24学年第1学期期末复习提纲.pptx,
C:\Users\Cooper\Desktop\Cooper_bot\data\public\textbook_and_material\马原\马原\2024-2025马原期末复习提纲.pdf,C:\Users\Cooper\Desktop\Cooper_bot\data\public\textbook_and_material\马原\2024-2025马原期末复习提纲.pdf,move_no_conflict,703592,,617ed92235644230d04cc53f595ce98c738f55c44ebf2cb7990c7ef658b2e566,,C:\Users\Cooper\Desktop\Cooper_bot\data\public\textbook_and_material\马原\2024-2025马原期末复习提纲.pdf,
C:\Users\Cooper\Desktop\Cooper_bot\data\public\textbook_and_material\马原\马原\2024年概论.pdf,C:\Users\Cooper\Desktop\Cooper_bot\data\public\textbook_and_material\马原\2024年概论.pdf,delete_duplicate_source,2209816,2209816,ae54f87e7beee8abd2cb883a4b68ca2cba10df97ef2b4812eba330bf9ebac119,ae54f87e7beee8abd2cb883a4b68ca2cba10df97ef2b4812eba330bf9ebac119,,same filename and same sha256; kept parent copy
C:\Users\Cooper\Desktop\Cooper_bot\data\public\textbook_and_material\马原\马原\23年春.pdf,C:\Users\Cooper\Desktop\Cooper_bot\data\public\textbook_and_material\马原\23年春.pdf,move_no_conflict,2144867,,331b5554b8cee714eac22689126bd7cec3d3f5eefba49a8decafd36d9f72d126,,C:\Users\Cooper\Desktop\Cooper_bot\data\public\textbook_and_material\马原\23年春.pdf,
C:\Users\Cooper\Desktop\Cooper_bot\data\public\textbook_and_material\马原\马原\SHA256.txt,C:\Users\Cooper\Desktop\Cooper_bot\data\public\textbook_and_material\马原\SHA256.txt,move_no_conflict,2096,,a5cf72729329b54a61d3f0b90236ba14670c86144e274bb1bc497cfd0c5912b0,,C:\Users\Cooper\Desktop\Cooper_bot\data\public\textbook_and_material\马原\SHA256.txt,
C:\Users\Cooper\Desktop\Cooper_bot\data\public\textbook_and_material\马原\马原\华科《马原》题库.pdf,C:\Users\Cooper\Desktop\Cooper_bot\data\public\textbook_and_material\马原\华科《马原》题库.pdf,delete_duplicate_source,422042,422042,8d42477e51e3588cebcf9e3e40a3a9aba60e73c163b2fc5e5ff4e28729a69f10,8d42477e51e3588cebcf9e3e40a3a9aba60e73c163b2fc5e5ff4e28729a69f10,,same filename and same sha256; kept parent copy
C:\Users\Cooper\Desktop\Cooper_bot\data\public\textbook_and_material\马原\马原\历年真题(部分答案见目录).pdf,C:\Users\Cooper\Desktop\Cooper_bot\data\public\textbook_and_material\马原\历年真题(部分答案见目录).pdf,move_no_conflict,3297250,,b38e599f3d1a0a3cbc93ed850870abfab7d7fa55d1558de925d60a4411b8d615,,C:\Users\Cooper\Desktop\Cooper_bot\data\public\textbook_and_material\马原\历年真题(部分答案见目录).pdf,
C:\Users\Cooper\Desktop\Cooper_bot\data\public\textbook_and_material\马原\马原\历年真题.zip,C:\Users\Cooper\Desktop\Cooper_bot\data\public\textbook_and_material\马原\历年真题.zip,move_no_conflict,23824190,,6139f81c105c5a980c06dd29d55a9622258caa922aa521231bb86a8b8c60562d,,C:\Users\Cooper\Desktop\Cooper_bot\data\public\textbook_and_material\马原\历年真题.zip,
C:\Users\Cooper\Desktop\Cooper_bot\data\public\textbook_and_material\马原\马原\模电参考.pdf,C:\Users\Cooper\Desktop\Cooper_bot\data\public\textbook_and_material\马原\模电参考.pdf,move_no_conflict,120111,,dd58580cfd47a4cf66bcdefc9c6fac986f8e9f9fc38e577d06c940c8f8701bd4,,C:\Users\Cooper\Desktop\Cooper_bot\data\public\textbook_and_material\马原\模电参考.pdf,
C:\Users\Cooper\Desktop\Cooper_bot\data\public\textbook_and_material\马原\马原\模电试卷1.pdf,C:\Users\Cooper\Desktop\Cooper_bot\data\public\textbook_and_material\马原\模电试卷1.pdf,move_no_conflict,317679,,9ecf8824a63aa6257886cb5f444fc4b98d84bc5b6491ae5d557119a23de481ad,,C:\Users\Cooper\Desktop\Cooper_bot\data\public\textbook_and_material\马原\模电试卷1.pdf,
C:\Users\Cooper\Desktop\Cooper_bot\data\public\textbook_and_material\马原\马原\选择题.pdf,C:\Users\Cooper\Desktop\Cooper_bot\data\public\textbook_and_material\马原\选择题.pdf,move_no_conflict,3716359,,0a3cccb325380c4efff5e7e4491fab2021b1966e70c81ab6390076719199a678,,C:\Users\Cooper\Desktop\Cooper_bot\data\public\textbook_and_material\马原\选择题.pdf,
C:\Users\Cooper\Desktop\Cooper_bot\data\public\textbook_and_material\马原\马原\选择题.zip,C:\Users\Cooper\Desktop\Cooper_bot\data\public\textbook_and_material\马原\选择题.zip,move_no_conflict,7607235,,8b2f83efe51a2656d22809ede34df6f373b037da33cd934c358fae543b52600a,,C:\Users\Cooper\Desktop\Cooper_bot\data\public\textbook_and_material\马原\选择题.zip,
C:\Users\Cooper\Desktop\Cooper_bot\data\public\textbook_and_material\马原\马原\选择题题库.pdf,C:\Users\Cooper\Desktop\Cooper_bot\data\public\textbook_and_material\马原\选择题题库.pdf,delete_duplicate_source,5631584,5631584,1be1032560eabd57cbba4ab06aeafbdb316f231625cce6fded2ec1fefbb85566,1be1032560eabd57cbba4ab06aeafbdb316f231625cce6fded2ec1fefbb85566,,same filename and same sha256; kept parent copy
C:\Users\Cooper\Desktop\Cooper_bot\data\public\textbook_and_material\马原\马原\马 原复习提纲.pptx,C:\Users\Cooper\Desktop\Cooper_bot\data\public\textbook_and_material\马原\马 原复习提纲.pptx,move_no_conflict,242480,,dcb71699421341090ea6d31a190c422028044a9d56cc3411448e49257acb1458,,C:\Users\Cooper\Desktop\Cooper_bot\data\public\textbook_and_material\马原\马 原复习提纲.pptx,
C:\Users\Cooper\Desktop\Cooper_bot\data\public\textbook_and_material\马原\马原\马克思主义基本原理习题集.doc,C:\Users\Cooper\Desktop\Cooper_bot\data\public\textbook_and_material\马原\马克思主义基本原理习题集.doc,move_no_conflict,87040,,02ddc043df858ba32fbd86318083ddf84a9c6f3ec439aa2b1efd317337402b1d,,C:\Users\Cooper\Desktop\Cooper_bot\data\public\textbook_and_material\马原\马克思主义基本原理习题集.doc,
C:\Users\Cooper\Desktop\Cooper_bot\data\public\textbook_and_material\马原\马原\马克思主义基本原理习题集.pdf,C:\Users\Cooper\Desktop\Cooper_bot\data\public\textbook_and_material\马原\马克思主义基本原理习题集.pdf,delete_duplicate_source,394926,394926,bc3abcd8613257a3f8f77b139e5cc677d712b0af45be39263c51083ed2e2494a,bc3abcd8613257a3f8f77b139e5cc677d712b0af45be39263c51083ed2e2494a,,same filename and same sha256; kept parent copy
C:\Users\Cooper\Desktop\Cooper_bot\data\public\textbook_and_material\马原\马原\马原复习提纲(1).pdf,C:\Users\Cooper\Desktop\Cooper_bot\data\public\textbook_and_material\马原\马原复习提纲(1).pdf,delete_duplicate_source,261012,261012,b55a9838c7a05e345f177632e273ede01ae6812c23b904d4e3d9e3a95394b01b,b55a9838c7a05e345f177632e273ede01ae6812c23b904d4e3d9e3a95394b01b,,same filename and same sha256; kept parent copy
C:\Users\Cooper\Desktop\Cooper_bot\data\public\textbook_and_material\马原\马原\马原思维导图.pdf,C:\Users\Cooper\Desktop\Cooper_bot\data\public\textbook_and_material\马原\马原思维导图.pdf,delete_duplicate_source,2560507,2560507,c7f9548aa06bcf243846d95628c73c5976eea23f13842c9b43a01c7eb39a8661,c7f9548aa06bcf243846d95628c73c5976eea23f13842c9b43a01c7eb39a8661,,same filename and same sha256; kept parent copy
C:\Users\Cooper\Desktop\Cooper_bot\data\public\textbook_and_material\马原\马原\马原真题_2020秋_含选择答案.pdf,C:\Users\Cooper\Desktop\Cooper_bot\data\public\textbook_and_material\马原\马原真题_2020秋_含选择答案.pdf,delete_duplicate_source,381732,381732,c8bb36f5af6b6c2efde441b3d97b200fa3b51c878a884828490e41106cb62b42,c8bb36f5af6b6c2efde441b3d97b200fa3b51c878a884828490e41106cb62b42,,same filename and same sha256; kept parent copy
C:\Users\Cooper\Desktop\Cooper_bot\data\public\textbook_and_material\马原\马原\马原真题_2021秋(A卷)_含选择答案.pdf,C:\Users\Cooper\Desktop\Cooper_bot\data\public\textbook_and_material\马原\马原真题_2021秋(A卷)_含选择答案.pdf,delete_duplicate_source,1663225,1663225,6d2433875109863e74419757662120cc42f9ce8619f6d005da859b5fdcaeeba0,6d2433875109863e74419757662120cc42f9ce8619f6d005da859b5fdcaeeba0,,same filename and same sha256; kept parent copy
C:\Users\Cooper\Desktop\Cooper_bot\data\public\textbook_and_material\马原\马原\马原真题集_部分答案.pdf,C:\Users\Cooper\Desktop\Cooper_bot\data\public\textbook_and_material\马原\马原真题集_部分答案.pdf,delete_duplicate_source,484843,484843,fa9ae692c17d208da89fbb4b95710fe0e1c579478d1756e32392a90ab6e7361a,fa9ae692c17d208da89fbb4b95710fe0e1c579478d1756e32392a90ab6e7361a,,same filename and same sha256; kept parent copy
C:\Users\Cooper\Desktop\Cooper_bot\data\public\textbook_and_material\马原\马原\马原试卷.pdf,C:\Users\Cooper\Desktop\Cooper_bot\data\public\textbook_and_material\马原\马原试卷.pdf,delete_duplicate_source,7046777,7046777,32b0c6014e69eb0a29946ea342537929c91eb3787aa243ae2daf11789661bcb9,32b0c6014e69eb0a29946ea342537929c91eb3787aa243ae2daf11789661bcb9,,same filename and same sha256; kept parent copy
C:\Users\Cooper\Desktop\Cooper_bot\data\public\textbook_and_material\马原\马原\马提纲.pdf,C:\Users\Cooper\Desktop\Cooper_bot\data\public\textbook_and_material\马原\马提纲.pdf,delete_duplicate_source,245149,245149,4a653f18d4d447d3dde612c5aeaaae73cef91a5eb7dcaa253d329540407533ad,4a653f18d4d447d3dde612c5aeaaae73cef91a5eb7dcaa253d329540407533ad,,same filename and same sha256; kept parent copy
