row,action,operation,src,dst,status,files,size_bytes,note
1,move_dir_under_subject,move_dir,C:\Users\Cooper\Desktop\Cooper_bot\data\public\textbook_and_material\c++,C:\Users\Cooper\Desktop\Cooper_bot\data\public\textbook_and_material\C++程序设计\c++,ok,71,435668420,
2,move_dir_under_subject,move_dir,C:\Users\Cooper\Desktop\Cooper_bot\data\public\textbook_and_material\Java,C:\Users\Cooper\Desktop\Cooper_bot\data\public\textbook_and_material\Java程序设计\Java,ok,10,16879902,
3,move_dir_under_subject,move_dir,C:\Users\Cooper\Desktop\Cooper_bot\data\public\textbook_and_material\Verilog,C:\Users\Cooper\Desktop\Cooper_bot\data\public\textbook_and_material\Verilog设计\Verilog,ok,1,1067085,
4,move_dir_under_subject,move_dir,C:\Users\Cooper\Desktop\Cooper_bot\data\public\textbook_and_material\C课设,C:\Users\Cooper\Desktop\Cooper_bot\data\public\textbook_and_material\C程序设计\C课设,ok,2,469327,
5,move_dir_under_subject,move_dir,C:\Users\Cooper\Desktop\Cooper_bot\data\public\textbook_and_material\华科PPT模板,C:\Users\Cooper\Desktop\Cooper_bot\data\public\textbook_and_material\PPT模板\华科PPT模板,ok,1,135854139,
6,move_dir_under_subject,move_dir,C:\Users\Cooper\Desktop\Cooper_bot\data\public\textbook_and_material\人工智能导论（计科）,C:\Users\Cooper\Desktop\Cooper_bot\data\public\textbook_and_material\人工智能导论\人工智能导论（计科）,ok,1,1324903,
7,move_dir_under_subject,move_dir,C:\Users\Cooper\Desktop\Cooper_bot\data\public\textbook_and_material\汇编语言程序设计,C:\Users\Cooper\Desktop\Cooper_bot\data\public\textbook_and_material\汇编语言\汇编语言程序设计,ok,1,241664,
8,move_dir_under_subject,move_dir,C:\Users\Cooper\Desktop\Cooper_bot\data\public\textbook_and_material\数据库技术与应用,C:\Users\Cooper\Desktop\Cooper_bot\data\public\textbook_and_material\数据库\数据库技术与应用,ok,1,21157,
9,move_dir_under_subject,move_dir,C:\Users\Cooper\Desktop\Cooper_bot\data\public\textbook_and_material\计算机安全技术,C:\Users\Cooper\Desktop\Cooper_bot\data\public\textbook_and_material\计算机安全\计算机安全技术,ok,1,311,
10,move_dir_under_subject,move_dir,C:\Users\Cooper\Desktop\Cooper_bot\data\public\textbook_and_material\近现代史,C:\Users\Cooper\Desktop\Cooper_bot\data\public\textbook_and_material\中国近现代史纲要\近现代史,ok,31,44452438,
11,move_dir_under_subject,move_dir,C:\Users\Cooper\Desktop\Cooper_bot\data\public\textbook_and_material\毛概,C:\Users\Cooper\Desktop\Cooper_bot\data\public\textbook_and_material\毛泽东思想和中国特色社会主义理论体系概论\毛概,ok,72,359584571,
12,move_dir_under_subject,move_dir,C:\Users\Cooper\Desktop\Cooper_bot\data\public\textbook_and_material\模电,C:\Users\Cooper\Desktop\Cooper_bot\data\public\textbook_and_material\模拟电子技术\模电,ok,15,287310940,
13,move_dir_under_subject,move_dir,C:\Users\Cooper\Desktop\Cooper_bot\data\public\textbook_and_material\大物实验,C:\Users\Cooper\Desktop\Cooper_bot\data\public\textbook_and_material\大学物理\大物实验,ok,14,90706654,
14,move_dir_under_subject,move_dir,C:\Users\Cooper\Desktop\Cooper_bot\data\public\textbook_and_material\物理实验,C:\Users\Cooper\Desktop\Cooper_bot\data\public\textbook_and_material\大学物理\物理实验,ok,3,172030,
15,move_dir_under_subject,move_dir,C:\Users\Cooper\Desktop\Cooper_bot\data\public\textbook_and_material\华为求职资料,C:\Users\Cooper\Desktop\Cooper_bot\data\public\textbook_and_material\求职就业\华为求职资料,ok,5,11278850,
16,move_dir_under_subject,move_dir,C:\Users\Cooper\Desktop\Cooper_bot\data\public\textbook_and_material\【高中教资】415 信息技术 笔记资料,C:\Users\Cooper\Desktop\Cooper_bot\data\public\textbook_and_material\教师资格考试\【高中教资】415 信息技术 笔记资料,ok,1,110171,
17,flatten_same_name_child,move_file,C:\Users\Cooper\Desktop\Cooper_bot\data\public\textbook_and_material\信息论\信息论\信息论个人复习 (1).pdf,C:\Users\Cooper\Desktop\Cooper_bot\data\public\textbook_and_material\信息论\信息论个人复习 (1).pdf,ok,1,11363291,
17,flatten_same_name_child,move_file,C:\Users\Cooper\Desktop\Cooper_bot\data\public\textbook_and_material\信息论\信息论\第2章 离散信源熵 (1).pdf,C:\Users\Cooper\Desktop\Cooper_bot\data\public\textbook_and_material\信息论\第2章 离散信源熵 (1).pdf,ok,1,12406657,
17,flatten_same_name_child,move_file,C:\Users\Cooper\Desktop\Cooper_bot\data\public\textbook_and_material\信息论\信息论\第3章 无失真离散信源编码-新版.pdf,C:\Users\Cooper\Desktop\Cooper_bot\data\public\textbook_and_material\信息论\第3章 无失真离散信源编码-新版.pdf,ok,1,6815580,
17,flatten_same_name_child,move_file,C:\Users\Cooper\Desktop\Cooper_bot\data\public\textbook_and_material\信息论\信息论\第4章 离散信道容量.pdf,C:\Users\Cooper\Desktop\Cooper_bot\data\public\textbook_and_material\信息论\第4章 离散信道容量.pdf,ok,1,16847974,
17,flatten_same_name_child,move_file,C:\Users\Cooper\Desktop\Cooper_bot\data\public\textbook_and_material\信息论\信息论\第5章 纠错编码(1).pdf,C:\Users\Cooper\Desktop\Cooper_bot\data\public\textbook_and_material\信息论\第5章 纠错编码(1).pdf,ok,1,3762213,
17,flatten_same_name_child,remove_empty_dir,C:\Users\Cooper\Desktop\Cooper_bot\data\public\textbook_and_material\信息论\信息论,,ok,0,0,
18,flatten_same_name_child,move_file,C:\Users\Cooper\Desktop\Cooper_bot\data\public\textbook_and_material\军事理论\军事理论\军事理论大纲（22生实刘柯） (1) (2).png,C:\Users\Cooper\Desktop\Cooper_bot\data\public\textbook_and_material\军事理论\军事理论大纲（22生实刘柯） (1) (2).png,ok,1,2464487,
18,flatten_same_name_child,move_file,C:\Users\Cooper\Desktop\Cooper_bot\data\public\textbook_and_material\军事理论\军事理论\军事理论大纲（22生实刘柯） (1).png,C:\Users\Cooper\Desktop\Cooper_bot\data\public\textbook_and_material\军事理论\军事理论大纲（22生实刘柯） (1).png,ok,1,2464487,
18,flatten_same_name_child,move_file,C:\Users\Cooper\Desktop\Cooper_bot\data\public\textbook_and_material\军事理论\军事理论\密码hust (2).zip,C:\Users\Cooper\Desktop\Cooper_bot\data\public\textbook_and_material\军事理论\密码hust (2).zip,ok,1,6069122,
18,flatten_same_name_child,move_file,C:\Users\Cooper\Desktop\Cooper_bot\data\public\textbook_and_material\军事理论\军事理论\密码hust.zip,C:\Users\Cooper\Desktop\Cooper_bot\data\public\textbook_and_material\军事理论\密码hust.zip,ok,1,6069122,
18,flatten_same_name_child,remove_empty_dir,C:\Users\Cooper\Desktop\Cooper_bot\data\public\textbook_and_material\军事理论\军事理论,,ok,0,0,
19,flatten_same_name_child,move_file,C:\Users\Cooper\Desktop\Cooper_bot\data\public\textbook_and_material\化学与生物传感器\化学与生物传感器\重点内容复习及答疑.pdf,C:\Users\Cooper\Desktop\Cooper_bot\data\public\textbook_and_material\化学与生物传感器\重点内容复习及答疑.pdf,ok,1,4628013,
19,flatten_same_name_child,remove_empty_dir,C:\Users\Cooper\Desktop\Cooper_bot\data\public\textbook_and_material\化学与生物传感器\化学与生物传感器,,ok,0,0,
20,flatten_same_name_child,move_file,C:\Users\Cooper\Desktop\Cooper_bot\data\public\textbook_and_material\固体物理\固体物理\固体物理.zip,C:\Users\Cooper\Desktop\Cooper_bot\data\public\textbook_and_material\固体物理\固体物理.zip,ok,1,116288157,
20,flatten_same_name_child,remove_empty_dir,C:\Users\Cooper\Desktop\Cooper_bot\data\public\textbook_and_material\固体物理\固体物理,,ok,0,0,
21,flatten_same_name_child,move_file,C:\Users\Cooper\Desktop\Cooper_bot\data\public\textbook_and_material\国土空间总体规划原理\国土空间总体规划原理\00 国土空间总体规划原理（简版讲稿）.pdf,C:\Users\Cooper\Desktop\Cooper_bot\data\public\textbook_and_material\国土空间总体规划原理\00 国土空间总体规划原理（简版讲稿）.pdf,ok,1,73278362,
21,flatten_same_name_child,move_file,C:\Users\Cooper\Desktop\Cooper_bot\data\public\textbook_and_material\国土空间总体规划原理\国土空间总体规划原理\《国土空间总体规划原理》（闭卷）考试题型与复习要点.doc,C:\Users\Cooper\Desktop\Cooper_bot\data\public\textbook_and_material\国土空间总体规划原理\《国土空间总体规划原理》（闭卷）考试题型与复习要点.doc,ok,1,36352,
21,flatten_same_name_child,remove_empty_dir,C:\Users\Cooper\Desktop\Cooper_bot\data\public\textbook_and_material\国土空间总体规划原理\国土空间总体规划原理,,ok,0,0,
22,flatten_same_name_child,move_file,C:\Users\Cooper\Desktop\Cooper_bot\data\public\textbook_and_material\复杂性科学基础\复杂性科学基础\0readme.txt,C:\Users\Cooper\Desktop\Cooper_bot\data\public\textbook_and_material\复杂性科学基础\0readme.txt,ok,1,311,
22,flatten_same_name_child,move_file,C:\Users\Cooper\Desktop\Cooper_bot\data\public\textbook_and_material\复杂性科学基础\复杂性科学基础\240311.rar,C:\Users\Cooper\Desktop\Cooper_bot\data\public\textbook_and_material\复杂性科学基础\240311.rar,ok,1,29581862,
22,flatten_same_name_child,move_file,C:\Users\Cooper\Desktop\Cooper_bot\data\public\textbook_and_material\复杂性科学基础\复杂性科学基础\240318.rar,C:\Users\Cooper\Desktop\Cooper_bot\data\public\textbook_and_material\复杂性科学基础\240318.rar,ok,1,1675148,
22,flatten_same_name_child,move_file,C:\Users\Cooper\Desktop\Cooper_bot\data\public\textbook_and_material\复杂性科学基础\复杂性科学基础\240325.rar,C:\Users\Cooper\Desktop\Cooper_bot\data\public\textbook_and_material\复杂性科学基础\240325.rar,ok,1,7429826,
22,flatten_same_name_child,move_file,C:\Users\Cooper\Desktop\Cooper_bot\data\public\textbook_and_material\复杂性科学基础\复杂性科学基础\240401.rar,C:\Users\Cooper\Desktop\Cooper_bot\data\public\textbook_and_material\复杂性科学基础\240401.rar,ok,1,7972984,
22,flatten_same_name_child,move_file,C:\Users\Cooper\Desktop\Cooper_bot\data\public\textbook_and_material\复杂性科学基础\复杂性科学基础\240415.rar,C:\Users\Cooper\Desktop\Cooper_bot\data\public\textbook_and_material\复杂性科学基础\240415.rar,ok,1,1476041,
22,flatten_same_name_child,move_file,C:\Users\Cooper\Desktop\Cooper_bot\data\public\textbook_and_material\复杂性科学基础\复杂性科学基础\240422.rar,C:\Users\Cooper\Desktop\Cooper_bot\data\public\textbook_and_material\复杂性科学基础\240422.rar,ok,1,4624918,
22,flatten_same_name_child,move_file,C:\Users\Cooper\Desktop\Cooper_bot\data\public\textbook_and_material\复杂性科学基础\复杂性科学基础\240429.rar,C:\Users\Cooper\Desktop\Cooper_bot\data\public\textbook_and_material\复杂性科学基础\240429.rar,ok,1,12117067,
22,flatten_same_name_child,move_file,C:\Users\Cooper\Desktop\Cooper_bot\data\public\textbook_and_material\复杂性科学基础\复杂性科学基础\复杂性与创造性思维.pdf,C:\Users\Cooper\Desktop\Cooper_bot\data\public\textbook_and_material\复杂性科学基础\复杂性与创造性思维.pdf,ok,1,238793,
22,flatten_same_name_child,move_file,C:\Users\Cooper\Desktop\Cooper_bot\data\public\textbook_and_material\复杂性科学基础\复杂性科学基础\复杂性科学的融贯方法论.pdf,C:\Users\Cooper\Desktop\Cooper_bot\data\public\textbook_and_material\复杂性科学基础\复杂性科学的融贯方法论.pdf,ok,1,242506,
22,flatten_same_name_child,move_file,C:\Users\Cooper\Desktop\Cooper_bot\data\public\textbook_and_material\复杂性科学基础\复杂性科学基础\第6章：复杂系统与复杂性科学概述(2024).ppt,C:\Users\Cooper\Desktop\Cooper_bot\data\public\textbook_and_material\复杂性科学基础\第6章：复杂系统与复杂性科学概述(2024).ppt,ok,1,756224,
22,flatten_same_name_child,move_file,C:\Users\Cooper\Desktop\Cooper_bot\data\public\textbook_and_material\复杂性科学基础\复杂性科学基础\第7章：复杂系统的模型(2024).ppt,C:\Users\Cooper\Desktop\Cooper_bot\data\public\textbook_and_material\复杂性科学基础\第7章：复杂系统的模型(2024).ppt,ok,1,4537856,
22,flatten_same_name_child,move_file,C:\Users\Cooper\Desktop\Cooper_bot\data\public\textbook_and_material\复杂性科学基础\复杂性科学基础\非线性科学与复杂性科学.pdf,C:\Users\Cooper\Desktop\Cooper_bot\data\public\textbook_and_material\复杂性科学基础\非线性科学与复杂性科学.pdf,ok,1,27861771,
22,flatten_same_name_child,remove_empty_dir,C:\Users\Cooper\Desktop\Cooper_bot\data\public\textbook_and_material\复杂性科学基础\复杂性科学基础,,ok,0,0,
23,flatten_same_name_child,move_file,C:\Users\Cooper\Desktop\Cooper_bot\data\public\textbook_and_material\大数据系统综合实践\大数据系统综合实践\python-louvain.zip,C:\Users\Cooper\Desktop\Cooper_bot\data\public\textbook_and_material\大数据系统综合实践\python-louvain.zip,ok,1,1750741,
23,flatten_same_name_child,move_file,C:\Users\Cooper\Desktop\Cooper_bot\data\public\textbook_and_material\大数据系统综合实践\大数据系统综合实践\大数据系统综合实践-任务书.pdf,C:\Users\Cooper\Desktop\Cooper_bot\data\public\textbook_and_material\大数据系统综合实践\大数据系统综合实践-任务书.pdf,ok,1,592272,
23,flatten_same_name_child,move_file,C:\Users\Cooper\Desktop\Cooper_bot\data\public\textbook_and_material\大数据系统综合实践\大数据系统综合实践\实验报告-大数据2101-李嘉鹏.pdf,C:\Users\Cooper\Desktop\Cooper_bot\data\public\textbook_and_material\大数据系统综合实践\实验报告-大数据2101-李嘉鹏.pdf,ok,1,936992,
23,flatten_same_name_child,remove_empty_dir,C:\Users\Cooper\Desktop\Cooper_bot\data\public\textbook_and_material\大数据系统综合实践\大数据系统综合实践,,ok,0,0,
24,flatten_same_name_child,move_file,C:\Users\Cooper\Desktop\Cooper_bot\data\public\textbook_and_material\工程材料学\工程材料学\工程材料学01答案.pdf,C:\Users\Cooper\Desktop\Cooper_bot\data\public\textbook_and_material\工程材料学\工程材料学01答案.pdf,ok,1,26810145,
24,flatten_same_name_child,move_file,C:\Users\Cooper\Desktop\Cooper_bot\data\public\textbook_and_material\工程材料学\工程材料学\工程材料学02.pdf,C:\Users\Cooper\Desktop\Cooper_bot\data\public\textbook_and_material\工程材料学\工程材料学02.pdf,ok,1,41879481,
24,flatten_same_name_child,move_file,C:\Users\Cooper\Desktop\Cooper_bot\data\public\textbook_and_material\工程材料学\工程材料学\工程材料学02答案.pdf,C:\Users\Cooper\Desktop\Cooper_bot\data\public\textbook_and_material\工程材料学\工程材料学02答案.pdf,ok,1,40328683,
24,flatten_same_name_child,remove_empty_dir,C:\Users\Cooper\Desktop\Cooper_bot\data\public\textbook_and_material\工程材料学\工程材料学,,ok,0,0,
25,flatten_same_name_child,move_file,C:\Users\Cooper\Desktop\Cooper_bot\data\public\textbook_and_material\普通生物学\普通生物学\普通生物学期末资料.zip,C:\Users\Cooper\Desktop\Cooper_bot\data\public\textbook_and_material\普通生物学\普通生物学期末资料.zip,ok,1,100133699,
25,flatten_same_name_child,remove_empty_dir,C:\Users\Cooper\Desktop\Cooper_bot\data\public\textbook_and_material\普通生物学\普通生物学,,ok,0,0,
26,flatten_same_name_child,move_file,C:\Users\Cooper\Desktop\Cooper_bot\data\public\textbook_and_material\生活资料\生活资料\双创中心竞赛讲座PPT_tqychy.pdf,C:\Users\Cooper\Desktop\Cooper_bot\data\public\textbook_and_material\生活资料\双创中心竞赛讲座PPT_tqychy.pdf,ok,1,3055330,
26,flatten_same_name_child,move_file,C:\Users\Cooper\Desktop\Cooper_bot\data\public\textbook_and_material\生活资料\生活资料\团员学习资料.pdf,C:\Users\Cooper\Desktop\Cooper_bot\data\public\textbook_and_material\生活资料\团员学习资料.pdf,ok,1,2950841,
26,flatten_same_name_child,move_file,C:\Users\Cooper\Desktop\Cooper_bot\data\public\textbook_and_material\生活资料\生活资料\宿舍不断电申请书（模板）.docx,C:\Users\Cooper\Desktop\Cooper_bot\data\public\textbook_and_material\生活资料\宿舍不断电申请书（模板）.docx,ok,1,17046,
26,flatten_same_name_child,remove_empty_dir,C:\Users\Cooper\Desktop\Cooper_bot\data\public\textbook_and_material\生活资料\生活资料,,ok,0,0,
27,flatten_same_name_child,move_file,C:\Users\Cooper\Desktop\Cooper_bot\data\public\textbook_and_material\生物信息数据挖掘\生物信息数据挖掘\生信数据挖掘梳理.docx,C:\Users\Cooper\Desktop\Cooper_bot\data\public\textbook_and_material\生物信息数据挖掘\生信数据挖掘梳理.docx,ok,1,1423719,
27,flatten_same_name_child,remove_empty_dir,C:\Users\Cooper\Desktop\Cooper_bot\data\public\textbook_and_material\生物信息数据挖掘\生物信息数据挖掘,,ok,0,0,
28,flatten_same_name_child,move_file,C:\Users\Cooper\Desktop\Cooper_bot\data\public\textbook_and_material\药剂学\药剂学\《药剂学》第八版.pdf,C:\Users\Cooper\Desktop\Cooper_bot\data\public\textbook_and_material\药剂学\《药剂学》第八版.pdf,ok,1,132990940,
28,flatten_same_name_child,move_file,C:\Users\Cooper\Desktop\Cooper_bot\data\public\textbook_and_material\药剂学\药剂学\第一章－绪论（简化版）.pdf,C:\Users\Cooper\Desktop\Cooper_bot\data\public\textbook_and_material\药剂学\第一章－绪论（简化版）.pdf,ok,1,2088389,
28,flatten_same_name_child,move_file,C:\Users\Cooper\Desktop\Cooper_bot\data\public\textbook_and_material\药剂学\药剂学\第七章－制剂新技术-1（简化版）.pdf,C:\Users\Cooper\Desktop\Cooper_bot\data\public\textbook_and_material\药剂学\第七章－制剂新技术-1（简化版）.pdf,ok,1,1029600,
28,flatten_same_name_child,move_file,C:\Users\Cooper\Desktop\Cooper_bot\data\public\textbook_and_material\药剂学\药剂学\第七章－制剂新技术-2（简化版）.pdf,C:\Users\Cooper\Desktop\Cooper_bot\data\public\textbook_and_material\药剂学\第七章－制剂新技术-2（简化版）.pdf,ok,1,1676738,
28,flatten_same_name_child,move_file,C:\Users\Cooper\Desktop\Cooper_bot\data\public\textbook_and_material\药剂学\药剂学\第三章－半固体制剂（简化版）.pdf,C:\Users\Cooper\Desktop\Cooper_bot\data\public\textbook_and_material\药剂学\第三章－半固体制剂（简化版）.pdf,ok,1,458882,
28,flatten_same_name_child,move_file,C:\Users\Cooper\Desktop\Cooper_bot\data\public\textbook_and_material\药剂学\药剂学\第九章－经皮给药制剂（简化版）.pdf,C:\Users\Cooper\Desktop\Cooper_bot\data\public\textbook_and_material\药剂学\第九章－经皮给药制剂（简化版）.pdf,ok,1,2222160,
28,flatten_same_name_child,move_file,C:\Users\Cooper\Desktop\Cooper_bot\data\public\textbook_and_material\药剂学\药剂学\第二章－液体制剂（简化版）.pdf,C:\Users\Cooper\Desktop\Cooper_bot\data\public\textbook_and_material\药剂学\第二章－液体制剂（简化版）.pdf,ok,1,1361131,
28,flatten_same_name_child,move_file,C:\Users\Cooper\Desktop\Cooper_bot\data\public\textbook_and_material\药剂学\药剂学\第五章－固体制剂-基本概念（简化版）1779668917(1).pdf,C:\Users\Cooper\Desktop\Cooper_bot\data\public\textbook_and_material\药剂学\第五章－固体制剂-基本概念（简化版）1779668917(1).pdf,ok,1,3315931,
28,flatten_same_name_child,move_file,C:\Users\Cooper\Desktop\Cooper_bot\data\public\textbook_and_material\药剂学\药剂学\第八章－缓释、控释和靶向制剂（简化版）.pdf,C:\Users\Cooper\Desktop\Cooper_bot\data\public\textbook_and_material\药剂学\第八章－缓释、控释和靶向制剂（简化版）.pdf,ok,1,1977531,
28,flatten_same_name_child,move_file,C:\Users\Cooper\Desktop\Cooper_bot\data\public\textbook_and_material\药剂学\药剂学\第六章－制剂理论- 1.2（简化版）.pdf,C:\Users\Cooper\Desktop\Cooper_bot\data\public\textbook_and_material\药剂学\第六章－制剂理论- 1.2（简化版）.pdf,ok,1,509073,
28,flatten_same_name_child,move_file,C:\Users\Cooper\Desktop\Cooper_bot\data\public\textbook_and_material\药剂学\药剂学\第六章－制剂理论-2（简化版）.pdf,C:\Users\Cooper\Desktop\Cooper_bot\data\public\textbook_and_material\药剂学\第六章－制剂理论-2（简化版）.pdf,ok,1,795511,
28,flatten_same_name_child,move_file,C:\Users\Cooper\Desktop\Cooper_bot\data\public\textbook_and_material\药剂学\药剂学\第六章－制剂理论1.1（简化版）.pdf,C:\Users\Cooper\Desktop\Cooper_bot\data\public\textbook_and_material\药剂学\第六章－制剂理论1.1（简化版）.pdf,ok,1,773503,
28,flatten_same_name_child,move_file,C:\Users\Cooper\Desktop\Cooper_bot\data\public\textbook_and_material\药剂学\药剂学\第四章－灭菌与无菌制剂（简化版）1779668870(3).pdf,C:\Users\Cooper\Desktop\Cooper_bot\data\public\textbook_and_material\药剂学\第四章－灭菌与无菌制剂（简化版）1779668870(3).pdf,ok,1,2473692,
28,flatten_same_name_child,move_file,C:\Users\Cooper\Desktop\Cooper_bot\data\public\textbook_and_material\药剂学\药剂学\药剂学.pdf,C:\Users\Cooper\Desktop\Cooper_bot\data\public\textbook_and_material\药剂学\药剂学.pdf,ok,1,21984509,
28,flatten_same_name_child,move_file,C:\Users\Cooper\Desktop\Cooper_bot\data\public\textbook_and_material\药剂学\药剂学\药剂学名词解释.docx,C:\Users\Cooper\Desktop\Cooper_bot\data\public\textbook_and_material\药剂学\药剂学名词解释.docx,ok,1,17628,
28,flatten_same_name_child,move_file,C:\Users\Cooper\Desktop\Cooper_bot\data\public\textbook_and_material\药剂学\药剂学\药剂学学习指导与习题集.pdf,C:\Users\Cooper\Desktop\Cooper_bot\data\public\textbook_and_material\药剂学\药剂学学习指导与习题集.pdf,ok,1,32717188,
28,flatten_same_name_child,remove_empty_dir,C:\Users\Cooper\Desktop\Cooper_bot\data\public\textbook_and_material\药剂学\药剂学,,ok,0,0,
29,flatten_same_name_child,move_file,C:\Users\Cooper\Desktop\Cooper_bot\data\public\textbook_and_material\药理学\药理学\1-药理学绪论.pdf,C:\Users\Cooper\Desktop\Cooper_bot\data\public\textbook_and_material\药理学\1-药理学绪论.pdf,ok,1,1545286,
29,flatten_same_name_child,move_file,C:\Users\Cooper\Desktop\Cooper_bot\data\public\textbook_and_material\药理学\药理学\10-镇痛药.pdf,C:\Users\Cooper\Desktop\Cooper_bot\data\public\textbook_and_material\药理学\10-镇痛药.pdf,ok,1,1921590,
29,flatten_same_name_child,move_file,C:\Users\Cooper\Desktop\Cooper_bot\data\public\textbook_and_material\药理学\药理学\11-解热镇痛抗炎药.pdf,C:\Users\Cooper\Desktop\Cooper_bot\data\public\textbook_and_material\药理学\11-解热镇痛抗炎药.pdf,ok,1,1746866,
29,flatten_same_name_child,move_file,C:\Users\Cooper\Desktop\Cooper_bot\data\public\textbook_and_material\药理学\药理学\12-抗动脉粥样硬化药.pdf,C:\Users\Cooper\Desktop\Cooper_bot\data\public\textbook_and_material\药理学\12-抗动脉粥样硬化药.pdf,ok,1,1001233,
29,flatten_same_name_child,move_file,C:\Users\Cooper\Desktop\Cooper_bot\data\public\textbook_and_material\药理学\药理学\13-抗心绞痛药物.pdf,C:\Users\Cooper\Desktop\Cooper_bot\data\public\textbook_and_material\药理学\13-抗心绞痛药物.pdf,ok,1,1238470,
29,flatten_same_name_child,move_file,C:\Users\Cooper\Desktop\Cooper_bot\data\public\textbook_and_material\药理学\药理学\14-作用于呼吸系统的药物.pdf,C:\Users\Cooper\Desktop\Cooper_bot\data\public\textbook_and_material\药理学\14-作用于呼吸系统的药物.pdf,ok,1,2109956,
29,flatten_same_name_child,move_file,C:\Users\Cooper\Desktop\Cooper_bot\data\public\textbook_and_material\药理学\药理学\15-肾上腺皮质激素类药物.pdf,C:\Users\Cooper\Desktop\Cooper_bot\data\public\textbook_and_material\药理学\15-肾上腺皮质激素类药物.pdf,ok,1,1474755,
29,flatten_same_name_child,move_file,C:\Users\Cooper\Desktop\Cooper_bot\data\public\textbook_and_material\药理学\药理学\16-甲状腺药.pdf,C:\Users\Cooper\Desktop\Cooper_bot\data\public\textbook_and_material\药理学\16-甲状腺药.pdf,ok,1,1374658,
29,flatten_same_name_child,move_file,C:\Users\Cooper\Desktop\Cooper_bot\data\public\textbook_and_material\药理学\药理学\17-胰岛素与口服降血糖药.pdf,C:\Users\Cooper\Desktop\Cooper_bot\data\public\textbook_and_material\药理学\17-胰岛素与口服降血糖药.pdf,ok,1,3340721,
29,flatten_same_name_child,move_file,C:\Users\Cooper\Desktop\Cooper_bot\data\public\textbook_and_material\药理学\药理学\18-抗菌药物概论.pdf,C:\Users\Cooper\Desktop\Cooper_bot\data\public\textbook_and_material\药理学\18-抗菌药物概论.pdf,ok,1,2105231,
29,flatten_same_name_child,move_file,C:\Users\Cooper\Desktop\Cooper_bot\data\public\textbook_and_material\药理学\药理学\19-β-内酰胺类抗生.pdf,C:\Users\Cooper\Desktop\Cooper_bot\data\public\textbook_and_material\药理学\19-β-内酰胺类抗生.pdf,ok,1,542728,
29,flatten_same_name_child,move_file,C:\Users\Cooper\Desktop\Cooper_bot\data\public\textbook_and_material\药理学\药理学\2-药物代谢动力学.pdf,C:\Users\Cooper\Desktop\Cooper_bot\data\public\textbook_and_material\药理学\2-药物代谢动力学.pdf,ok,1,3027505,
29,flatten_same_name_child,move_file,C:\Users\Cooper\Desktop\Cooper_bot\data\public\textbook_and_material\药理学\药理学\3-传出神经系统药理概论.pdf,C:\Users\Cooper\Desktop\Cooper_bot\data\public\textbook_and_material\药理学\3-传出神经系统药理概论.pdf,ok,1,1875591,
29,flatten_same_name_child,move_file,C:\Users\Cooper\Desktop\Cooper_bot\data\public\textbook_and_material\药理学\药理学\4-药物效应动力学.pdf,C:\Users\Cooper\Desktop\Cooper_bot\data\public\textbook_and_material\药理学\4-药物效应动力学.pdf,ok,1,3951912,
29,flatten_same_name_child,move_file,C:\Users\Cooper\Desktop\Cooper_bot\data\public\textbook_and_material\药理学\药理学\5-胆碱受体.pdf,C:\Users\Cooper\Desktop\Cooper_bot\data\public\textbook_and_material\药理学\5-胆碱受体.pdf,ok,1,3647487,
29,flatten_same_name_child,move_file,C:\Users\Cooper\Desktop\Cooper_bot\data\public\textbook_and_material\药理学\药理学\6-肾上腺受体.pdf,C:\Users\Cooper\Desktop\Cooper_bot\data\public\textbook_and_material\药理学\6-肾上腺受体.pdf,ok,1,2310031,
29,flatten_same_name_child,move_file,C:\Users\Cooper\Desktop\Cooper_bot\data\public\textbook_and_material\药理学\药理学\7-治疗中枢神经系统退行性疾病药.pdf,C:\Users\Cooper\Desktop\Cooper_bot\data\public\textbook_and_material\药理学\7-治疗中枢神经系统退行性疾病药.pdf,ok,1,926805,
29,flatten_same_name_child,move_file,C:\Users\Cooper\Desktop\Cooper_bot\data\public\textbook_and_material\药理学\药理学\8-镇静催眠药.pdf,C:\Users\Cooper\Desktop\Cooper_bot\data\public\textbook_and_material\药理学\8-镇静催眠药.pdf,ok,1,1743423,
29,flatten_same_name_child,move_file,C:\Users\Cooper\Desktop\Cooper_bot\data\public\textbook_and_material\药理学\药理学\9-抗精神失常药.pdf,C:\Users\Cooper\Desktop\Cooper_bot\data\public\textbook_and_material\药理学\9-抗精神失常药.pdf,ok,1,2615949,
29,flatten_same_name_child,move_file,"C:\Users\Cooper\Desktop\Cooper_bot\data\public\textbook_and_material\药理学\药理学\药理学 第九版 (杨宝峰, 陈建国, 主编) (z-library.sk, 1lib.sk, z-lib.sk).pdf","C:\Users\Cooper\Desktop\Cooper_bot\data\public\textbook_and_material\药理学\药理学 第九版 (杨宝峰, 陈建国, 主编) (z-library.sk, 1lib.sk, z-lib.sk).pdf",ok,1,122211786,
29,flatten_same_name_child,move_file,C:\Users\Cooper\Desktop\Cooper_bot\data\public\textbook_and_material\药理学\药理学\药理学.docx,C:\Users\Cooper\Desktop\Cooper_bot\data\public\textbook_and_material\药理学\药理学.docx,ok,1,94570,
29,flatten_same_name_child,move_file,C:\Users\Cooper\Desktop\Cooper_bot\data\public\textbook_and_material\药理学\药理学\药理学复习题.pdf,C:\Users\Cooper\Desktop\Cooper_bot\data\public\textbook_and_material\药理学\药理学复习题.pdf,ok,1,1939059,
29,flatten_same_name_child,remove_empty_dir,C:\Users\Cooper\Desktop\Cooper_bot\data\public\textbook_and_material\药理学\药理学,,ok,0,0,
30,flatten_same_name_child,skip_row,C:\Users\Cooper\Desktop\Cooper_bot\data\public\textbook_and_material\马原\马原,C:\Users\Cooper\Desktop\Cooper_bot\data\public\textbook_and_material\马原,skipped_collision_check,27,78385492,collision detected before execution
31,move_top_file_to_subject,move_file,C:\Users\Cooper\Desktop\Cooper_bot\data\public\textbook_and_material\国家安全教育  答案.docx,C:\Users\Cooper\Desktop\Cooper_bot\data\public\textbook_and_material\国家安全教育\国家安全教育  答案.docx,ok,1,18733,
32,move_top_file_to_subject,move_file,C:\Users\Cooper\Desktop\Cooper_bot\data\public\textbook_and_material\电气工程实践基础第五讲（2025版） (2).pptx,C:\Users\Cooper\Desktop\Cooper_bot\data\public\textbook_and_material\电气工程实践基础\电气工程实践基础第五讲（2025版） (2).pptx,ok,1,6529056,
