action,src,dst,src_exists,dst_exists,within_root,files,size_bytes,size_mib,reason
move_dir_under_subject,C:\Users\Cooper\Desktop\Cooper_bot\data\public\textbook_and_material\c++,C:\Users\Cooper\Desktop\Cooper_bot\data\public\textbook_and_material\C++程序设计\c++,True,False,True,71,435668420,415.486,alias_or_category_merge_keep_source_subfolder
move_dir_under_subject,C:\Users\Cooper\Desktop\Cooper_bot\data\public\textbook_and_material\Java,C:\Users\Cooper\Desktop\Cooper_bot\data\public\textbook_and_material\Java程序设计\Java,True,False,True,10,16879902,16.098,alias_or_category_merge_keep_source_subfolder
move_dir_under_subject,C:\Users\Cooper\Desktop\Cooper_bot\data\public\textbook_and_material\Verilog,C:\Users\Cooper\Desktop\Cooper_bot\data\public\textbook_and_material\Verilog设计\Verilog,True,False,True,1,1067085,1.018,alias_or_category_merge_keep_source_subfolder
move_dir_under_subject,C:\Users\Cooper\Desktop\Cooper_bot\data\public\textbook_and_material\C课设,C:\Users\Cooper\Desktop\Cooper_bot\data\public\textbook_and_material\C程序设计\C课设,True,False,True,2,469327,0.448,alias_or_category_merge_keep_source_subfolder
move_dir_under_subject,C:\Users\Cooper\Desktop\Cooper_bot\data\public\textbook_and_material\华科PPT模板,C:\Users\Cooper\Desktop\Cooper_bot\data\public\textbook_and_material\PPT模板\华科PPT模板,True,False,True,1,135854139,129.561,alias_or_category_merge_keep_source_subfolder
move_dir_under_subject,C:\Users\Cooper\Desktop\Cooper_bot\data\public\textbook_and_material\人工智能导论（计科）,C:\Users\Cooper\Desktop\Cooper_bot\data\public\textbook_and_material\人工智能导论\人工智能导论（计科）,True,False,True,1,1324903,1.264,alias_or_category_merge_keep_source_subfolder
move_dir_under_subject,C:\Users\Cooper\Desktop\Cooper_bot\data\public\textbook_and_material\汇编语言程序设计,C:\Users\Cooper\Desktop\Cooper_bot\data\public\textbook_and_material\汇编语言\汇编语言程序设计,True,False,True,1,241664,0.23,alias_or_category_merge_keep_source_subfolder
move_dir_under_subject,C:\Users\Cooper\Desktop\Cooper_bot\data\public\textbook_and_material\数据库技术与应用,C:\Users\Cooper\Desktop\Cooper_bot\data\public\textbook_and_material\数据库\数据库技术与应用,True,False,True,1,21157,0.02,alias_or_category_merge_keep_source_subfolder
move_dir_under_subject,C:\Users\Cooper\Desktop\Cooper_bot\data\public\textbook_and_material\计算机安全技术,C:\Users\Cooper\Desktop\Cooper_bot\data\public\textbook_and_material\计算机安全\计算机安全技术,True,False,True,1,311,0.0,alias_or_category_merge_keep_source_subfolder
move_dir_under_subject,C:\Users\Cooper\Desktop\Cooper_bot\data\public\textbook_and_material\近现代史,C:\Users\Cooper\Desktop\Cooper_bot\data\public\textbook_and_material\中国近现代史纲要\近现代史,True,False,True,31,44452438,42.393,alias_or_category_merge_keep_source_subfolder
move_dir_under_subject,C:\Users\Cooper\Desktop\Cooper_bot\data\public\textbook_and_material\毛概,C:\Users\Cooper\Desktop\Cooper_bot\data\public\textbook_and_material\毛泽东思想和中国特色社会主义理论体系概论\毛概,True,False,True,72,359584571,342.927,alias_or_category_merge_keep_source_subfolder
move_dir_under_subject,C:\Users\Cooper\Desktop\Cooper_bot\data\public\textbook_and_material\模电,C:\Users\Cooper\Desktop\Cooper_bot\data\public\textbook_and_material\模拟电子技术\模电,True,False,True,15,287310940,274.001,alias_or_category_merge_keep_source_subfolder
move_dir_under_subject,C:\Users\Cooper\Desktop\Cooper_bot\data\public\textbook_and_material\大物实验,C:\Users\Cooper\Desktop\Cooper_bot\data\public\textbook_and_material\大学物理\大物实验,True,False,True,14,90706654,86.505,alias_or_category_merge_keep_source_subfolder
move_dir_under_subject,C:\Users\Cooper\Desktop\Cooper_bot\data\public\textbook_and_material\物理实验,C:\Users\Cooper\Desktop\Cooper_bot\data\public\textbook_and_material\大学物理\物理实验,True,False,True,3,172030,0.164,alias_or_category_merge_keep_source_subfolder
move_dir_under_subject,C:\Users\Cooper\Desktop\Cooper_bot\data\public\textbook_and_material\华为求职资料,C:\Users\Cooper\Desktop\Cooper_bot\data\public\textbook_and_material\求职就业\华为求职资料,True,False,True,5,11278850,10.756,alias_or_category_merge_keep_source_subfolder
move_dir_under_subject,C:\Users\Cooper\Desktop\Cooper_bot\data\public\textbook_and_material\【高中教资】415 信息技术 笔记资料,C:\Users\Cooper\Desktop\Cooper_bot\data\public\textbook_and_material\教师资格考试\【高中教资】415 信息技术 笔记资料,True,False,True,1,110171,0.105,alias_or_category_merge_keep_source_subfolder
flatten_same_name_child,C:\Users\Cooper\Desktop\Cooper_bot\data\public\textbook_and_material\信息论\信息论,C:\Users\Cooper\Desktop\Cooper_bot\data\public\textbook_and_material\信息论,True,True,True,5,51195715,48.824,child_directory_has_same_name_as_parent
flatten_same_name_child,C:\Users\Cooper\Desktop\Cooper_bot\data\public\textbook_and_material\军事理论\军事理论,C:\Users\Cooper\Desktop\Cooper_bot\data\public\textbook_and_material\军事理论,True,True,True,4,17067218,16.277,child_directory_has_same_name_as_parent
flatten_same_name_child,C:\Users\Cooper\Desktop\Cooper_bot\data\public\textbook_and_material\化学与生物传感器\化学与生物传感器,C:\Users\Cooper\Desktop\Cooper_bot\data\public\textbook_and_material\化学与生物传感器,True,True,True,1,4628013,4.414,child_directory_has_same_name_as_parent
flatten_same_name_child,C:\Users\Cooper\Desktop\Cooper_bot\data\public\textbook_and_material\固体物理\固体物理,C:\Users\Cooper\Desktop\Cooper_bot\data\public\textbook_and_material\固体物理,True,True,True,1,116288157,110.901,child_directory_has_same_name_as_parent
flatten_same_name_child,C:\Users\Cooper\Desktop\Cooper_bot\data\public\textbook_and_material\国土空间总体规划原理\国土空间总体规划原理,C:\Users\Cooper\Desktop\Cooper_bot\data\public\textbook_and_material\国土空间总体规划原理,True,True,True,2,73314714,69.918,child_directory_has_same_name_as_parent
flatten_same_name_child,C:\Users\Cooper\Desktop\Cooper_bot\data\public\textbook_and_material\复杂性科学基础\复杂性科学基础,C:\Users\Cooper\Desktop\Cooper_bot\data\public\textbook_and_material\复杂性科学基础,True,True,True,13,98515307,93.952,child_directory_has_same_name_as_parent
flatten_same_name_child,C:\Users\Cooper\Desktop\Cooper_bot\data\public\textbook_and_material\大数据系统综合实践\大数据系统综合实践,C:\Users\Cooper\Desktop\Cooper_bot\data\public\textbook_and_material\大数据系统综合实践,True,True,True,3,3280005,3.128,child_directory_has_same_name_as_parent
flatten_same_name_child,C:\Users\Cooper\Desktop\Cooper_bot\data\public\textbook_and_material\工程材料学\工程材料学,C:\Users\Cooper\Desktop\Cooper_bot\data\public\textbook_and_material\工程材料学,True,True,True,3,109018309,103.968,child_directory_has_same_name_as_parent
flatten_same_name_child,C:\Users\Cooper\Desktop\Cooper_bot\data\public\textbook_and_material\普通生物学\普通生物学,C:\Users\Cooper\Desktop\Cooper_bot\data\public\textbook_and_material\普通生物学,True,True,True,1,100133699,95.495,child_directory_has_same_name_as_parent
flatten_same_name_child,C:\Users\Cooper\Desktop\Cooper_bot\data\public\textbook_and_material\生活资料\生活资料,C:\Users\Cooper\Desktop\Cooper_bot\data\public\textbook_and_material\生活资料,True,True,True,3,6023217,5.744,child_directory_has_same_name_as_parent
flatten_same_name_child,C:\Users\Cooper\Desktop\Cooper_bot\data\public\textbook_and_material\生物信息数据挖掘\生物信息数据挖掘,C:\Users\Cooper\Desktop\Cooper_bot\data\public\textbook_and_material\生物信息数据挖掘,True,True,True,1,1423719,1.358,child_directory_has_same_name_as_parent
flatten_same_name_child,C:\Users\Cooper\Desktop\Cooper_bot\data\public\textbook_and_material\药剂学\药剂学,C:\Users\Cooper\Desktop\Cooper_bot\data\public\textbook_and_material\药剂学,True,True,True,16,206392406,196.831,child_directory_has_same_name_as_parent
flatten_same_name_child,C:\Users\Cooper\Desktop\Cooper_bot\data\public\textbook_and_material\药理学\药理学,C:\Users\Cooper\Desktop\Cooper_bot\data\public\textbook_and_material\药理学,True,True,True,22,162745612,155.206,child_directory_has_same_name_as_parent
flatten_same_name_child,C:\Users\Cooper\Desktop\Cooper_bot\data\public\textbook_and_material\马原\马原,C:\Users\Cooper\Desktop\Cooper_bot\data\public\textbook_and_material\马原,True,True,True,27,78385492,74.754,child_directory_has_same_name_as_parent
move_top_file_to_subject,C:\Users\Cooper\Desktop\Cooper_bot\data\public\textbook_and_material\国家安全教育  答案.docx,C:\Users\Cooper\Desktop\Cooper_bot\data\public\textbook_and_material\国家安全教育\国家安全教育  答案.docx,True,False,True,1,18733,0.018,top_level_file_belongs_to_named_subject
move_top_file_to_subject,C:\Users\Cooper\Desktop\Cooper_bot\data\public\textbook_and_material\电气工程实践基础第五讲（2025版） (2).pptx,C:\Users\Cooper\Desktop\Cooper_bot\data\public\textbook_and_material\电气工程实践基础\电气工程实践基础第五讲（2025版） (2).pptx,True,False,True,1,6529056,6.227,top_level_file_belongs_to_named_subject
