title,upload_page_id,category_id,uploaded_file_count,upload_file_ids,updated_ts,dry_run
2025-56总复习 169,6a0726c4abfe09661dcd8c4d,6a072686abfe09661dcd8c2f,1,6a0726c4abfe09661dcd8c4c,1778853583,False
2025年 电信 计算机组成原理与接口技术 考试卷回忆版初稿（计组 微机原理）,6a0728e2abfe09661dcd8db1,69d4f5df6bad0622e6cc9a59,1,6a0728e2abfe09661dcd8db0,1778854125,False
ch04.5-Verilog基础,6a072685abfe09661dcd8c2e,69956ae3e01ad802e5336f12,1,6a07267dabfe09661dcd8c22,1778853520,False
to大二-经验分享-余佳卓,6a0725ceabfe09661dcd8b82,6a0725cbabfe09661dcd8b7e,1,6a0725ceabfe09661dcd8b81,1778853337,False
★大二学习攻略（适用于电气、OEI、IC、EIC）,6a0725ccabfe09661dcd8b80,6a0725cbabfe09661dcd8b7e,1,6a0725ccabfe09661dcd8b7f,1778853335,False
习思想_习概复习资料,6a0724c3abfe09661dcd8b20,69956dade01ad802e5336f1d,8,6a0724beabfe09661dcd8b19 | 6a0724beabfe09661dcd8b1a | 69956dd2e01ad802e5336f2a | 6a0724bfabfe09661dcd8b1b | 6a0724c0abfe09661dcd8b1c | 6a0724c1abfe09661dcd8b1d | 6a0724c2abfe09661dcd8b1e | 6a0724c3abfe09661dcd8b1f,1778853069,False
习思想_习概实验资料,6a07298eabfe09661dcd8de8,69956dade01ad802e5336f1d,3,6a0724c4abfe09661dcd8b21 | 6a0724c5abfe09661dcd8b22 | 6a0724c6abfe09661dcd8b23,1778854297,False
习思想_习概往年题,6a07298eabfe09661dcd8de9,69956dade01ad802e5336f1d,3,6a0724c7abfe09661dcd8b24 | 6a0724c7abfe09661dcd8b25 | 6a0724c8abfe09661dcd8b26,1778854297,False
习思想_习概课程资料,6a0724cfabfe09661dcd8b2f,69956dade01ad802e5336f1d,7,6a0724caabfe09661dcd8b29 | 6a0724ccabfe09661dcd8b2a | 6a0724cdabfe09661dcd8b2b | 6a0724cdabfe09661dcd8b2c | 6a0724ceabfe09661dcd8b2d | 6a0724ceabfe09661dcd8b2d | 6a0724cfabfe09661dcd8b2e,1778853081,False
习近平总书记教育重要论述讲义,6a0724c9abfe09661dcd8b28,69956dade01ad802e5336f1d,1,6a0724c9abfe09661dcd8b27,1778853076,False
从打印店找的去年论述题与材料分析题答案,6a0724a9abfe09661dcd8b18,6a07241fabfe09661dcd8b15,1,6a0724a9abfe09661dcd8b17,1778853044,False
信号与系统吴大正,6a07256fabfe09661dcd8b42,69957144e01ad802e5336f5c,16,6a072563abfe09661dcd8b32 | 6a072564abfe09661dcd8b33 | 6a072565abfe09661dcd8b34 | 6a072565abfe09661dcd8b35 | 6a072566abfe09661dcd8b36 | 6a072567abfe09661dcd8b37 | 6a072568abfe09661dcd8b38 | 6a072568abfe09661dcd8b39 | 6a072569abfe09661dcd8b3a | 6a07256aabfe09661dcd8b3b | 6a07256babfe09661dcd8b3c | 6a07256cabfe09661dcd8b3d | 6a07256cabfe09661dcd8b3e | 6a07256dabfe09661dcd8b3f | 6a07256eabfe09661dcd8b40 | 6a07256eabfe09661dcd8b41,1778853241,False
信号与系统往年题,6a07257aabfe09661dcd8b49,69957144e01ad802e5336f5c,10,69ef21fc804bd87c7e21c167 | 6a0724d1abfe09661dcd8b31 | 6a07256fabfe09661dcd8b43 | 69ef21f2804bd87c7e21c166 | 69ef21c1804bd87c7e21c165 | 6a072571abfe09661dcd8b44 | 6a072572abfe09661dcd8b45 | 6a072577abfe09661dcd8b46 | 6a072579abfe09661dcd8b47 | 6a07257aabfe09661dcd8b48,1778853253,False
信号与系统课件,6a07259fabfe09661dcd8b54,69957144e01ad802e5336f5c,10,6a072588abfe09661dcd8b4a | 6a07258aabfe09661dcd8b4b | 6a07258dabfe09661dcd8b4c | 6a07258fabfe09661dcd8b4d | 6a072597abfe09661dcd8b4e | 6a072598abfe09661dcd8b4f | 6a072599abfe09661dcd8b50 | 6a07259aabfe09661dcd8b51 | 6a07259babfe09661dcd8b52 | 6a07259fabfe09661dcd8b53,1778853290,False
信号与系统课程资料,6a0725b4abfe09661dcd8b63,69957144e01ad802e5336f5c,14,6a0725a1abfe09661dcd8b55 | 6a0725a4abfe09661dcd8b56 | 6a0725a6abfe09661dcd8b57 | 6a0725a9abfe09661dcd8b58 | 6a0725ababfe09661dcd8b59 | 6a0725acabfe09661dcd8b5a | 6a0725adabfe09661dcd8b5b | 6a0725aeabfe09661dcd8b5c | 6a0725aeabfe09661dcd8b5d | 6a0725afabfe09661dcd8b5e | 6a0725b0abfe09661dcd8b5f | 6a0725b1abfe09661dcd8b60 | 6a0725b1abfe09661dcd8b61 | 6a0725b4abfe09661dcd8b62,1778853310,False
单片机复习资料,6a072997abfe09661dcd8ded,6a0725b5abfe09661dcd8b64,3,6a072993abfe09661dcd8dea | 6a072995abfe09661dcd8deb | 6a072996abfe09661dcd8dec,1778854305,False
单片机实验资料,6a0725baabfe09661dcd8b67,6a0725b5abfe09661dcd8b64,2,6a0725b9abfe09661dcd8b65 | 6a0725baabfe09661dcd8b66,1778853317,False
单片机往年题,6a0725c0abfe09661dcd8b6e,6a0725b5abfe09661dcd8b64,6,6a0725bcabfe09661dcd8b68 | 6a0725bdabfe09661dcd8b69 | 6a0725bdabfe09661dcd8b6a | 6a0725bfabfe09661dcd8b6b | 6a0725bfabfe09661dcd8b6c | 6a0725c0abfe09661dcd8b6d,1778853323,False
国家安全教育 答案,6a072998abfe09661dcd8def,6a0725c2abfe09661dcd8b71,1,6a072998abfe09661dcd8dee,1778854307,False
复变函数复习资料,6a07299eabfe09661dcd8df3,6a0725c3abfe09661dcd8b72,4,6a07299babfe09661dcd8df0 | 6a07299cabfe09661dcd8df1 | 6a07299dabfe09661dcd8df2 | 69d4e223e97c3e20fbc59b61,1778854312,False
复变函数往年题,6a0725caabfe09661dcd8b7d,69d4e177e97c3e20fbc59b57,14,6a0725c4abfe09661dcd8b73 | 6a0725c4abfe09661dcd8b74 | 6a0725c5abfe09661dcd8b75 | 6a0725c6abfe09661dcd8b76 | 6a0725c6abfe09661dcd8b77 | 6a0725c7abfe09661dcd8b78 | 6a0725c8abfe09661dcd8b79 | 69d4e1e5e97c3e20fbc59b5c | 6a0725c8abfe09661dcd8b7a | 69d4e1e6e97c3e20fbc59b5d | 6a0725c9abfe09661dcd8b7b | 69d4e1e7e97c3e20fbc59b5e | 6a0725caabfe09661dcd8b7c | 69d4e1e8e97c3e20fbc59b5f,1778853332,False
大二课程学习攻略实验资料,6a07299fabfe09661dcd8df5,6a0725cbabfe09661dcd8b7e,3,6a0726faabfe09661dcd8c5b | 6a0726faabfe09661dcd8c5c | 6a07299fabfe09661dcd8df4,1778854314,False
大学物理复习资料,6a0725e0abfe09661dcd8b90,69da32c2bdc30a449663e97d,12,6a0725d1abfe09661dcd8b85 | 6a0725d2abfe09661dcd8b86 | 6a0725d3abfe09661dcd8b87 | 6a0725d4abfe09661dcd8b88 | 6a0725d4abfe09661dcd8b89 | 6a0725d5abfe09661dcd8b8a | 6a0725d5abfe09661dcd8b8b | 6a0725d6abfe09661dcd8b8c | 6a0725d9abfe09661dcd8b8d | 6a0725dcabfe09661dcd8b8e | 69da3bd7bdc30a449663e97f | 6a0725e0abfe09661dcd8b8f,1778853354,False
大学物理大学物理知识点总结,6a0725e2abfe09661dcd8b93,69da32c2bdc30a449663e97d,6,6a0725e1abfe09661dcd8b91 | 6a0725e1abfe09661dcd8b92 | 6a0725d4abfe09661dcd8b88 | 6a0725d4abfe09661dcd8b89 | 6a0725d5abfe09661dcd8b8a | 6a0725d5abfe09661dcd8b8b,1778853356,False
大学物理实验资料,6a0725e3abfe09661dcd8b95,69da32c2bdc30a449663e97d,2,69da3ff6bdc30a449663e984 | 6a0725e3abfe09661dcd8b94,1778853358,False
大学物理往年题,6a0725f4abfe09661dcd8bac,69da32c2bdc30a449663e97d,23,6a0725e4abfe09661dcd8b96 | 6a0725e5abfe09661dcd8b97 | 6a0725e6abfe09661dcd8b98 | 6a0725e1abfe09661dcd8b92 | 6a0725e6abfe09661dcd8b99 | 6a0725e7abfe09661dcd8b9a | 6a0725e7abfe09661dcd8b9b | 6a0725e8abfe09661dcd8b9c | 6a0725e9abfe09661dcd8b9d | 6a0725e9abfe09661dcd8b9e | 6a0725eaabfe09661dcd8b9f | 6a0725ecabfe09661dcd8ba0 | 6a0725edabfe09661dcd8ba1 | 6a0725edabfe09661dcd8ba2 | 6a0725eeabfe09661dcd8ba3 | 6a0725eeabfe09661dcd8ba4 | 6a0725efabfe09661dcd8ba5 | 6a0725f0abfe09661dcd8ba6 | 6a0725f1abfe09661dcd8ba7 | 6a0725f2abfe09661dcd8ba8 | 6a0725f3abfe09661dcd8ba9 | 6a0725f4abfe09661dcd8baa | 6a0725f4abfe09661dcd8bab,1778853375,False
大学物理课程资料,6a0725f7abfe09661dcd8bb0,69da32c2bdc30a449663e97d,2,6a0725f6abfe09661dcd8baf | 6a0725e1abfe09661dcd8b91,1778853377,False
大物实验实验资料,6a0725feabfe09661dcd8bb8,6a0725c2abfe09661dcd8b71,7,6a0725f8abfe09661dcd8bb1 | 6a0725f9abfe09661dcd8bb2 | 6a0725f9abfe09661dcd8bb3 | 6a0725faabfe09661dcd8bb4 | 6a0725fbabfe09661dcd8bb5 | 6a0725fbabfe09661dcd8bb6 | 6a0725feabfe09661dcd8bb7,1778853385,False
数理方程Mathematical equation,6a0729ababfe09661dcd8e01,6a072600abfe09661dcd8bbb,12,6a0729a1abfe09661dcd8df6 | 6a0729a2abfe09661dcd8df7 | 6a0729a4abfe09661dcd8df8 | 6a0729a5abfe09661dcd8df9 | 6a0729a6abfe09661dcd8dfa | 6a0729a7abfe09661dcd8dfb | 6a0729a8abfe09661dcd8dfc | 6a0729a9abfe09661dcd8dfd | 6a0729aaabfe09661dcd8dfe | 6a0729aaabfe09661dcd8dff | 6a0729ababfe09661dcd8e00 | 6a07262babfe09661dcd8bda,1778854326,False
数理方程刘超,6a0729afabfe09661dcd8e04,6a072600abfe09661dcd8bbb,20,6a072601abfe09661dcd8bbc | 6a072602abfe09661dcd8bbd | 6a072602abfe09661dcd8bbe | 6a072604abfe09661dcd8bbf | 6a072605abfe09661dcd8bc0 | 6a072606abfe09661dcd8bc1 | 6a072608abfe09661dcd8bc2 | 6a072609abfe09661dcd8bc3 | 6a07260aabfe09661dcd8bc4 | 6a07260cabfe09661dcd8bc5 | 6a07260dabfe09661dcd8bc6 | 6a07260eabfe09661dcd8bc7 | 6a072610abfe09661dcd8bc8 | 6a072611abfe09661dcd8bc9 | 6a072613abfe09661dcd8bca | 6a072614abfe09661dcd8bcb | 6a072615abfe09661dcd8bcc | 6a072617abfe09661dcd8bcd | 6a0729adabfe09661dcd8e02 | 6a0729afabfe09661dcd8e03,1778854329,False
数理方程复习资料,6a072639abfe09661dcd8beb,6a0725c2abfe09661dcd8b71,34,6a07261fabfe09661dcd8bce | 6a0725a1abfe09661dcd8b55 | 6a072601abfe09661dcd8bbc | 6a072621abfe09661dcd8bcf | 6a072622abfe09661dcd8bd0 | 6a072622abfe09661dcd8bd1 | 6a072602abfe09661dcd8bbd | 6a072622abfe09661dcd8bd0 | 6a072623abfe09661dcd8bd2 | 6a072624abfe09661dcd8bd3 | 6a072625abfe09661dcd8bd4 | 6a072627abfe09661dcd8bd5 | 6a072628abfe09661dcd8bd6 | 6a072628abfe09661dcd8bd7 | 6a072629abfe09661dcd8bd8 | 6a07262aabfe09661dcd8bd9 | 6a07262babfe09661dcd8bda | 6a072611abfe09661dcd8bc9 | 6a07262cabfe09661dcd8bdb | 6a07262dabfe09661dcd8bdc | 6a07262eabfe09661dcd8bdd | 6a07262fabfe09661dcd8bde | 6a072631abfe09661dcd8bdf | 6a072632abfe09661dcd8be0 | 6a072632abfe09661dcd8be1 | 6a072633abfe09661dcd8be2 | 6a072634abfe09661dcd8be3 | 6a072635abfe09661dcd8be4 | 6a072635abfe09661dcd8be5 | 6a072636abfe09661dcd8be6 | 6a072637abfe09661dcd8be7 | 6a072637abfe09661dcd8be8 | 6a072638abfe09661dcd8be9 | 6a072639abfe09661dcd8bea,1778853443,False
数理方程往年题,6a07263dabfe09661dcd8bf0,6a072600abfe09661dcd8bbb,7,6a07263aabfe09661dcd8bec | 6a07263babfe09661dcd8bed | 6a07263cabfe09661dcd8bee | 6a072625abfe09661dcd8bd4 | 6a07263aabfe09661dcd8bec | 6a07263babfe09661dcd8bed | 6a07263dabfe09661dcd8bef,1778853448,False
数理方程数理方程课件,6a072643abfe09661dcd8bf2,6a072600abfe09661dcd8bbb,23,69ee1ce8aea294ac499adb93 | 69ee1ce9aea294ac499adb94 | 69ee1ceaaea294ac499adb9a | 69ee1ceaaea294ac499adb98 | 69ee1ceaaea294ac499adb99 | 69ee1ce9aea294ac499adb96 | 69ee1cecaea294ac499adba1 | 69ee1cecaea294ac499adba2 | 69ee1cebaea294ac499adb9c | 69ee1cedaea294ac499adba7 | 69ee1cedaea294ac499adbab | 69ee1cecaea294ac499adb9f | 69ee1cebaea294ac499adb9b | 69ee1cedaea294ac499adba5 | 69ee1cecaea294ac499adba0 | 6a072641abfe09661dcd8bf1 | 69ee1cedaea294ac499adbaa | 69ee1cebaea294ac499adb9e | 69ee1cedaea294ac499adba6 | 69ee1cedaea294ac499adba9 | 69ee1cebaea294ac499adb9d | 69ee1cecaea294ac499adba3 | 69ee1cedaea294ac499adba4,1778853454,False
数理方程课件,6a072649abfe09661dcd8bf4,6a072600abfe09661dcd8bbb,26,6a07260aabfe09661dcd8bc4 | 6a07260cabfe09661dcd8bc5 | 69ee1ce8aea294ac499adb93 | 69ee1ce9aea294ac499adb94 | 69ee1ceaaea294ac499adb9a | 69ee1ceaaea294ac499adb98 | 69ee1ceaaea294ac499adb99 | 69ee1ce9aea294ac499adb96 | 69ee1cecaea294ac499adba1 | 69ee1cecaea294ac499adba2 | 69ee1cebaea294ac499adb9c | 69ee1cedaea294ac499adba7 | 69ee1cedaea294ac499adbab | 69ee1cecaea294ac499adb9f | 69ee1cebaea294ac499adb9b | 69ee1cedaea294ac499adba5 | 69ee1cecaea294ac499adba0 | 6a072641abfe09661dcd8bf1 | 69ee1cedaea294ac499adbaa | 69ee1cebaea294ac499adb9e | 69ee1cedaea294ac499adba6 | 69ee1cedaea294ac499adba9 | 69ee1cebaea294ac499adb9d | 69ee1cecaea294ac499adba3 | 69ee1cedaea294ac499adba4 | 6a072649abfe09661dcd8bf3,1778853460,False
数理方程课程资料,6a07264babfe09661dcd8bf7,6a0724d0abfe09661dcd8b30,2,6a07264babfe09661dcd8bf5 | 6a07264babfe09661dcd8bf6,1778853462,False
数电复习资料,6a07265cabfe09661dcd8c05,69956ae3e01ad802e5336f12,13,6a07264cabfe09661dcd8bf8 | 6a07264dabfe09661dcd8bf9 | 6a07264fabfe09661dcd8bfa | 6a072650abfe09661dcd8bfb | 6a072652abfe09661dcd8bfc | 6a072653abfe09661dcd8bfd | 6a072653abfe09661dcd8bfe | 6a072654abfe09661dcd8bff | 6a072655abfe09661dcd8c00 | 6a072657abfe09661dcd8c01 | 6a072658abfe09661dcd8c02 | 6a072658abfe09661dcd8c03 | 6a07265cabfe09661dcd8c04,1778853478,False
数电往年题,6a072660abfe09661dcd8c0a,69d4f2fc6bad0622e6cc9a2a,5,6a07265dabfe09661dcd8c06 | 6a07265eabfe09661dcd8c07 | 6a07265fabfe09661dcd8c08 | 6a07265fabfe09661dcd8c09 | 6a07265fabfe09661dcd8c09,1778853482,False
数电数电实验课,6a072668abfe09661dcd8c15,69d4f2fc6bad0622e6cc9a2a,10,6a072662abfe09661dcd8c0b | 6a072663abfe09661dcd8c0c | 6a072663abfe09661dcd8c0d | 6a072664abfe09661dcd8c0e | 6a072665abfe09661dcd8c0f | 6a072666abfe09661dcd8c10 | 6a072666abfe09661dcd8c11 | 6a072667abfe09661dcd8c12 | 6a072668abfe09661dcd8c13 | 6a072668abfe09661dcd8c14,1778853491,False
数电数电真题及复习,6a072674abfe09661dcd8c1d,69d4f2fc6bad0622e6cc9a2a,11,6a07266babfe09661dcd8c16 | 6a07266cabfe09661dcd8c17 | 6a072653abfe09661dcd8bfe | 6a072654abfe09661dcd8bff | 6a07266dabfe09661dcd8c18 | 6a07266eabfe09661dcd8c19 | 6a07266fabfe09661dcd8c1a | 6a07265eabfe09661dcd8c07 | 6a07265fabfe09661dcd8c08 | 6a072670abfe09661dcd8c1b | 6a072673abfe09661dcd8c1c,1778853502,False
数电清华大学阎石《数字电子技术基础》第五版教学课件,6a0729b4abfe09661dcd8e0a,69d4f2fc6bad0622e6cc9a2a,11,6a072674abfe09661dcd8c1e | 6a072675abfe09661dcd8c1f | 6a072676abfe09661dcd8c20 | 6a072677abfe09661dcd8c21 | 6a0729b0abfe09661dcd8e05 | 6a07267fabfe09661dcd8c24 | 6a0729b1abfe09661dcd8e06 | 6a0729b2abfe09661dcd8e07 | 6a0729b2abfe09661dcd8e08 | 6a0729b3abfe09661dcd8e09 | 6a072680abfe09661dcd8c25,1778854334,False
数电课件,6a072680abfe09661dcd8c26,69956ae3e01ad802e5336f12,5,6a07267dabfe09661dcd8c22 | 6a07267eabfe09661dcd8c23 | 6a072676abfe09661dcd8c20 | 6a07267fabfe09661dcd8c24 | 6a072680abfe09661dcd8c25,1778853515,False
数电课程资料,6a072685abfe09661dcd8c2d,69d4f2fc6bad0622e6cc9a2a,6,6a072681abfe09661dcd8c27 | 6a072682abfe09661dcd8c28 | 6a072683abfe09661dcd8c29 | 6a072683abfe09661dcd8c2a | 6a072684abfe09661dcd8c2b | 6a072685abfe09661dcd8c2c,1778853519,False
模拟电子技术ZTY神人也,6a0729dfabfe09661dcd8e1e,6a072686abfe09661dcd8c2f,19,6a0729b5abfe09661dcd8e0b | 6a0729b7abfe09661dcd8e0c | 6a0729b8abfe09661dcd8e0d | 6a0729c4abfe09661dcd8e0e | 6a0729c8abfe09661dcd8e0f | 6a0729c9abfe09661dcd8e10 | 6a0729d3abfe09661dcd8e11 | 6a0729d4abfe09661dcd8e12 | 6a0729d5abfe09661dcd8e13 | 6a0729d6abfe09661dcd8e14 | 6a0729d7abfe09661dcd8e15 | 6a0729d8abfe09661dcd8e16 | 6a0729d9abfe09661dcd8e17 | 6a0729daabfe09661dcd8e18 | 6a0729dbabfe09661dcd8e19 | 6a0729dcabfe09661dcd8e1a | 6a0729deabfe09661dcd8e1b | 6a0729deabfe09661dcd8e1c | 6a0729dfabfe09661dcd8e1d,1778854378,False
模拟电子技术复习资料,6a07269babfe09661dcd8c39,6a0725c3abfe09661dcd8b72,11,6a072688abfe09661dcd8c30 | 6a072689abfe09661dcd8c31 | 6a072688abfe09661dcd8c30 | 6a07268babfe09661dcd8c32 | 6a072688abfe09661dcd8c30 | 6a072690abfe09661dcd8c33 | 6a072691abfe09661dcd8c34 | 6a072694abfe09661dcd8c35 | 6a072697abfe09661dcd8c36 | 6a07269babfe09661dcd8c37 | 6a07269babfe09661dcd8c38,1778853542,False
模拟电子技术往年题,6a0726a5abfe09661dcd8c46,6a0725c2abfe09661dcd8b71,12,6a07269eabfe09661dcd8c3c | 6a07269fabfe09661dcd8c3d | 6a0726a0abfe09661dcd8c3e | 6a0726a1abfe09661dcd8c3f | 6a0726a2abfe09661dcd8c40 | 6a0726a2abfe09661dcd8c41 | 6a07269eabfe09661dcd8c3c | 6a0726a3abfe09661dcd8c42 | 6a0726a1abfe09661dcd8c3f | 6a0726a4abfe09661dcd8c43 | 6a0726a5abfe09661dcd8c44 | 6a0726a5abfe09661dcd8c45,1778853552,False
模拟电子技术课件,6a0726beabfe09661dcd8c49,6a072686abfe09661dcd8c2f,2,6a0726b6abfe09661dcd8c47 | 6a0726bdabfe09661dcd8c48,1778853576,False
模电 数电实验实验资料,6a0726ffabfe09661dcd8c5f,6a0725cbabfe09661dcd8b7e,4,6a0726faabfe09661dcd8c5b | 6a0726faabfe09661dcd8c5c | 6a0726fdabfe09661dcd8c5d | 6a0726ffabfe09661dcd8c5e,1778853642,False
模电 数电实验工训循迹,6a0729e5abfe09661dcd8e21,6a072700abfe09661dcd8c60,2,6a0729e1abfe09661dcd8e1f | 6a0729e5abfe09661dcd8e20,1778854384,False
模电 数电实验数电实验课,6a072703abfe09661dcd8c61,6a072700abfe09661dcd8c60,10,6a072662abfe09661dcd8c0b | 6a072663abfe09661dcd8c0c | 6a072663abfe09661dcd8c0d | 6a072664abfe09661dcd8c0e | 6a072665abfe09661dcd8c0f | 6a072666abfe09661dcd8c10 | 6a072666abfe09661dcd8c11 | 6a072667abfe09661dcd8c12 | 6a072668abfe09661dcd8c13 | 6a072668abfe09661dcd8c14,1778853646,False
模电课件,6a0726f1abfe09661dcd8c55,69d4df260ade361580f16ad1,7,6a0726c8abfe09661dcd8c4e | 6a0726ceabfe09661dcd8c4f | 6a0726d3abfe09661dcd8c50 | 6a0726e0abfe09661dcd8c51 | 6a0726ecabfe09661dcd8c52 | 6a0726f0abfe09661dcd8c53 | 6a0726f1abfe09661dcd8c54,1778853628,False
模电课程资料,6a0726f8abfe09661dcd8c5a,6a0725c3abfe09661dcd8b72,4,6a0726f3abfe09661dcd8c56 | 6a0726f3abfe09661dcd8c57 | 6a0726f6abfe09661dcd8c58 | 6a0726f8abfe09661dcd8c59,1778853635,False
毛概复习资料,6a072709abfe09661dcd8c66,69e36c06620074080627cfcb,5,6a072704abfe09661dcd8c62 | 6a072706abfe09661dcd8c63 | 6a072707abfe09661dcd8c64 | 6a072709abfe09661dcd8c65 | 6a072707abfe09661dcd8c64,1778853652,False
毛概往年题,6a072710abfe09661dcd8c6d,69e36c06620074080627cfcb,6,6a07270babfe09661dcd8c67 | 6a07270cabfe09661dcd8c68 | 6a07270dabfe09661dcd8c69 | 6a07270eabfe09661dcd8c6a | 6a07270eabfe09661dcd8c6b | 6a07270fabfe09661dcd8c6c,1778853658,False
电力系统分析复习资料,6a0729e9abfe09661dcd8e24,69ef3c0a804bd87c7e21c177,5,6a072711abfe09661dcd8c6e | 6a072712abfe09661dcd8c6f | 6a072714abfe09661dcd8c70 | 6a0729e6abfe09661dcd8e22 | 6a0729e9abfe09661dcd8e23,1778854388,False
电力系统分析往年题,6a07271eabfe09661dcd8c75,69ef3c0a804bd87c7e21c177,4,6a07271babfe09661dcd8c71 | 6a07271cabfe09661dcd8c72 | 6a07271dabfe09661dcd8c73 | 6a07271eabfe09661dcd8c74,1778853673,False
电机学复习资料,6a072733abfe09661dcd8c7f,69ef3f72804bd87c7e21c17b,7,6a072729abfe09661dcd8c78 | 6a07272cabfe09661dcd8c79 | 6a07272dabfe09661dcd8c7a | 6a07272fabfe09661dcd8c7b | 6a072730abfe09661dcd8c7c | 6a072732abfe09661dcd8c7d | 6a072733abfe09661dcd8c7e,1778853694,False
电机学课程资料,6a072738abfe09661dcd8c83,69ef3f72804bd87c7e21c17b,3,6a072735abfe09661dcd8c80 | 6a072735abfe09661dcd8c81 | 6a072738abfe09661dcd8c82,1778853698,False
电气工程基础A类_李浩,6a072726abfe09661dcd8c77,69ef4219804bd87c7e21c17f,1,6a072725abfe09661dcd8c76,1778853680,False
电气工程实践基础第五讲（2025版） (2),6a0729ebabfe09661dcd8e26,6a072739abfe09661dcd8c84,1,6a0729ebabfe09661dcd8e25,1778854390,False
电测下实验资料,6a0729f3abfe09661dcd8e31,6a0725cbabfe09661dcd8b7e,14,6a07273babfe09661dcd8c85 | 6a07273babfe09661dcd8c86 | 6a07273cabfe09661dcd8c87 | 6a07273dabfe09661dcd8c88 | 6a0729ecabfe09661dcd8e27 | 6a0729edabfe09661dcd8e28 | 6a0729eeabfe09661dcd8e29 | 6a0729eeabfe09661dcd8e2a | 6a0729efabfe09661dcd8e2b | 6a0729f0abfe09661dcd8e2c | 6a0729f1abfe09661dcd8e2d | 6a0729f1abfe09661dcd8e2e | 6a0729f2abfe09661dcd8e2f | 6a0729f3abfe09661dcd8e30,1778854398,False
电磁场复习资料,6a072750abfe09661dcd8c8f,6a0725cbabfe09661dcd8b7e,6,6a072745abfe09661dcd8c89 | 6a072745abfe09661dcd8c8a | 6a072746abfe09661dcd8c8b | 6a072747abfe09661dcd8c8c | 6a07274babfe09661dcd8c8d | 6a07274fabfe09661dcd8c8e,1778853722,False
电磁场实验资料,6a0729f7abfe09661dcd8e37,6a072750abfe09661dcd8c90,5,6a0729f4abfe09661dcd8e32 | 6a0729f5abfe09661dcd8e33 | 6a0729f6abfe09661dcd8e34 | 6a0729f7abfe09661dcd8e35 | 6a0729f7abfe09661dcd8e36,1778854402,False
电磁场往年题,6a07275babfe09661dcd8c95,6a072739abfe09661dcd8c84,4,6a072753abfe09661dcd8c91 | 6a072756abfe09661dcd8c92 | 6a072759abfe09661dcd8c93 | 6a07275babfe09661dcd8c94,1778853734,False
电磁场电子2006电磁场操作实验报告,6a07275fabfe09661dcd8c9a,6a072750abfe09661dcd8c90,4,6a07275dabfe09661dcd8c96 | 6a07275eabfe09661dcd8c97 | 6a07275fabfe09661dcd8c98 | 6a07275fabfe09661dcd8c99,1778853738,False
电磁场电磁场与电磁波习题答案 Chapter.7,6a07278babfe09661dcd8ce5,6a072600abfe09661dcd8bbb,74,6a072761abfe09661dcd8c9b | 6a072761abfe09661dcd8c9c | 6a072762abfe09661dcd8c9d | 6a072762abfe09661dcd8c9e | 6a072763abfe09661dcd8c9f | 6a072764abfe09661dcd8ca0 | 6a072764abfe09661dcd8ca1 | 6a072765abfe09661dcd8ca2 | 6a072766abfe09661dcd8ca3 | 6a072766abfe09661dcd8ca4 | 6a072767abfe09661dcd8ca5 | 6a072767abfe09661dcd8ca6 | 6a072768abfe09661dcd8ca7 | 6a072769abfe09661dcd8ca8 | 6a072769abfe09661dcd8ca9 | 6a07276aabfe09661dcd8caa | 6a07276aabfe09661dcd8cab | 6a07276babfe09661dcd8cac | 6a07276babfe09661dcd8cad | 6a07276cabfe09661dcd8cae | 6a07276cabfe09661dcd8caf | 6a07276dabfe09661dcd8cb0 | 6a07276eabfe09661dcd8cb1 | 6a07276eabfe09661dcd8cb2 | 6a07276fabfe09661dcd8cb3 | 6a07276fabfe09661dcd8cb4 | 6a072770abfe09661dcd8cb5 | 6a072770abfe09661dcd8cb6 | 6a072771abfe09661dcd8cb7 | 6a072771abfe09661dcd8cb8 | 6a072772abfe09661dcd8cb9 | 6a072772abfe09661dcd8cba | 6a072773abfe09661dcd8cbb | 6a072773abfe09661dcd8cbc | 6a072774abfe09661dcd8cbd | 6a072774abfe09661dcd8cbe | 6a072775abfe09661dcd8cbf | 6a072775abfe09661dcd8cc0 | 6a072776abfe09661dcd8cc1 | 6a072776abfe09661dcd8cc2 | 6a072777abfe09661dcd8cc3 | 6a072777abfe09661dcd8cc4 | 6a072778abfe09661dcd8cc5 | 6a072778abfe09661dcd8cc6 | 6a072779abfe09661dcd8cc7 | 6a072779abfe09661dcd8cc8 | 6a07277aabfe09661dcd8cc9 | 6a07277babfe09661dcd8cca | 6a07277babfe09661dcd8ccb | 6a07277cabfe09661dcd8ccc | 6a07277cabfe09661dcd8ccd | 6a07277dabfe09661dcd8cce | 6a07277dabfe09661dcd8ccf | 6a07277eabfe09661dcd8cd0 | 6a07277fabfe09661dcd8cd1 | 6a07277fabfe09661dcd8cd2 | 6a072780abfe09661dcd8cd3 | 6a072780abfe09661dcd8cd4 | 6a072781abfe09661dcd8cd5 | 6a072782abfe09661dcd8cd6 | 6a072782abfe09661dcd8cd7 | 6a072783abfe09661dcd8cd8 | 6a072783abfe09661dcd8cd9 | 6a072784abfe09661dcd8cda | 6a072785abfe09661dcd8cdb | 6a072785abfe09661dcd8cdc | 6a072786abfe09661dcd8cdd | 6a072787abfe09661dcd8cde | 6a072787abfe09661dcd8cdf | 6a072788abfe09661dcd8ce0 | 6a072789abfe09661dcd8ce1 | 6a072789abfe09661dcd8ce2 | 6a07278aabfe09661dcd8ce3 | 6a07278aabfe09661dcd8ce4,1778853781,False
电磁场电磁场与电磁波习题答案 Chapter.8,6a0727c7abfe09661dcd8d3e,6a072600abfe09661dcd8bbb,88,6a07278cabfe09661dcd8ce6 | 6a07278cabfe09661dcd8ce7 | 6a07278dabfe09661dcd8ce8 | 6a07278eabfe09661dcd8ce9 | 6a07278eabfe09661dcd8cea | 6a07278fabfe09661dcd8ceb | 6a072790abfe09661dcd8cec | 6a072790abfe09661dcd8ced | 6a072791abfe09661dcd8cee | 6a072791abfe09661dcd8cef | 6a072792abfe09661dcd8cf0 | 6a072793abfe09661dcd8cf1 | 6a072793abfe09661dcd8cf2 | 6a072794abfe09661dcd8cf3 | 6a072794abfe09661dcd8cf4 | 6a072795abfe09661dcd8cf5 | 6a072796abfe09661dcd8cf6 | 6a072796abfe09661dcd8cf7 | 6a072797abfe09661dcd8cf8 | 6a072798abfe09661dcd8cf9 | 6a072798abfe09661dcd8cfa | 6a072799abfe09661dcd8cfb | 6a07279aabfe09661dcd8cfc | 6a07279babfe09661dcd8cfd | 6a07279cabfe09661dcd8cfe | 6a07279cabfe09661dcd8cff | 6a07279dabfe09661dcd8d00 | 6a07279eabfe09661dcd8d01 | 6a07279eabfe09661dcd8d02 | 6a07279fabfe09661dcd8d03 | 6a0727a0abfe09661dcd8d04 | 6a0727a0abfe09661dcd8d05 | 6a0727a1abfe09661dcd8d06 | 6a0727a2abfe09661dcd8d07 | 6a0727a2abfe09661dcd8d08 | 6a0727a3abfe09661dcd8d09 | 6a0727a4abfe09661dcd8d0a | 6a0727a5abfe09661dcd8d0b | 6a0727a5abfe09661dcd8d0c | 6a0727a6abfe09661dcd8d0d | 6a0727a7abfe09661dcd8d0e | 6a0727a7abfe09661dcd8d0f | 6a0727a8abfe09661dcd8d10 | 6a0727a9abfe09661dcd8d11 | 6a0727a9abfe09661dcd8d12 | 6a0727aaabfe09661dcd8d13 | 6a0727aaabfe09661dcd8d14 | 6a0727ababfe09661dcd8d15 | 6a0727acabfe09661dcd8d16 | 6a0727adabfe09661dcd8d17 | 6a0727aeabfe09661dcd8d18 | 6a0727aeabfe09661dcd8d19 | 6a0727afabfe09661dcd8d1a | 6a0727b0abfe09661dcd8d1b | 6a0727b1abfe09661dcd8d1c | 6a0727b2abfe09661dcd8d1d | 6a0727b2abfe09661dcd8d1e | 6a0727b4abfe09661dcd8d1f | 6a0727b5abfe09661dcd8d20 | 6a0727b6abfe09661dcd8d21 | 6a0727b6abfe09661dcd8d22 | 6a0727b7abfe09661dcd8d23 | 6a0727b8abfe09661dcd8d24 | 6a0727b9abfe09661dcd8d25 | 6a0727b9abfe09661dcd8d26 | 6a0727baabfe09661dcd8d27 | 6a0727bbabfe09661dcd8d28 | 6a0727bbabfe09661dcd8d29 | 6a0727bcabfe09661dcd8d2a | 6a0727bcabfe09661dcd8d2b | 6a0727bdabfe09661dcd8d2c | 6a0727beabfe09661dcd8d2d | 6a0727beabfe09661dcd8d2e | 6a0727bfabfe09661dcd8d2f | 6a0727c0abfe09661dcd8d30 | 6a0727c0abfe09661dcd8d31 | 6a0727c1abfe09661dcd8d32 | 6a0727c1abfe09661dcd8d33 | 6a0727c2abfe09661dcd8d34 | 6a0727c2abfe09661dcd8d35 | 6a0727c3abfe09661dcd8d36 | 6a0727c4abfe09661dcd8d37 | 6a0727c4abfe09661dcd8d38 | 6a0727c5abfe09661dcd8d39 | 6a0727c5abfe09661dcd8d3a | 6a0727c6abfe09661dcd8d3b | 6a0727c7abfe09661dcd8d3c | 6a0727c7abfe09661dcd8d3d,1778853842,False
电磁场课件,6a072885abfe09661dcd8d54,6a072750abfe09661dcd8c90,22,6a0727d1abfe09661dcd8d3f | 6a0727dbabfe09661dcd8d40 | 6a0727e3abfe09661dcd8d41 | 6a0727f1abfe09661dcd8d42 | 6a0727faabfe09661dcd8d43 | 6a072803abfe09661dcd8d44 | 6a07280dabfe09661dcd8d45 | 6a072819abfe09661dcd8d46 | 6a07281fabfe09661dcd8d47 | 6a072826abfe09661dcd8d48 | 6a07282babfe09661dcd8d49 | 6a072830abfe09661dcd8d4a | 6a072830abfe09661dcd8d4a | 6a072838abfe09661dcd8d4b | 6a072846abfe09661dcd8d4c | 6a072852abfe09661dcd8d4d | 6a07285eabfe09661dcd8d4e | 6a07286cabfe09661dcd8d4f | 6a072870abfe09661dcd8d50 | 6a072877abfe09661dcd8d51 | 6a072884abfe09661dcd8d52 | 6a072885abfe09661dcd8d53,1778854032,False
电磁场课程资料,6a07288aabfe09661dcd8d59,6a072750abfe09661dcd8c90,4,6a072886abfe09661dcd8d55 | 6a072887abfe09661dcd8d56 | 6a072889abfe09661dcd8d57 | 6a07288aabfe09661dcd8d58,1778854037,False
电路实验lesson_1,6a07288dabfe09661dcd8d5c,69fc99e7d0537a25e4ceaadd,2,6a07288cabfe09661dcd8d5a | 6a07288cabfe09661dcd8d5b,1778854039,False
电路实验lesson_2,6a072a17abfe09661dcd8e45,6a07288dabfe09661dcd8d5d,4,6a0729f9abfe09661dcd8e38 | 6a072a15abfe09661dcd8e42 | 6a072a16abfe09661dcd8e43 | 6a072a17abfe09661dcd8e44,1778854434,False
电路实验lesson_3,6a072890abfe09661dcd8d61,6a07288dabfe09661dcd8d5d,3,6a07288fabfe09661dcd8d5e | 6a072890abfe09661dcd8d5f | 6a072890abfe09661dcd8d60,1778854043,False
电路实验lesson_4,6a072895abfe09661dcd8d66,6a07288dabfe09661dcd8d5d,4,6a072892abfe09661dcd8d62 | 6a072892abfe09661dcd8d63 | 6a072893abfe09661dcd8d64 | 6a072895abfe09661dcd8d65,1778854048,False
电路实验lesson_5,6a07289aabfe09661dcd8d6b,6a0725cbabfe09661dcd8b7e,4,6a072897abfe09661dcd8d67 | 6a072897abfe09661dcd8d68 | 6a072898abfe09661dcd8d69 | 6a07289aabfe09661dcd8d6a,1778854053,False
电路实验lesson_6,6a07289eabfe09661dcd8d70,6a07288dabfe09661dcd8d5d,4,6a07289cabfe09661dcd8d6c | 6a07289cabfe09661dcd8d6d | 6a07289cabfe09661dcd8d6e | 6a07289eabfe09661dcd8d6f,1778854057,False
电路实验simulation1,6a0728a2abfe09661dcd8d75,6a07288dabfe09661dcd8d5d,4,6a0728a0abfe09661dcd8d71 | 6a0728a0abfe09661dcd8d72 | 6a0728a1abfe09661dcd8d73 | 6a0728a2abfe09661dcd8d74,1778854060,False
电路实验simulation3,6a0728a4abfe09661dcd8d78,6a07288dabfe09661dcd8d5d,3,6a07289cabfe09661dcd8d6c | 6a0728a3abfe09661dcd8d76 | 6a0728a4abfe09661dcd8d77,1778854063,False
电路实验综合试验,6a0728a9abfe09661dcd8d7e,6a07288dabfe09661dcd8d5d,3,6a0728a7abfe09661dcd8d7b | 6a0728a8abfe09661dcd8d7c | 6a0728a8abfe09661dcd8d7d,1778854067,False
电路测试技术实验报告-电气,6a0728a6abfe09661dcd8d7a,6a07288dabfe09661dcd8d5d,1,6a0728a5abfe09661dcd8d79,1778854064,False
电路理论复习资料,6a0728bbabfe09661dcd8d8b,69d4df260ade361580f16ad1,13,6a0728acabfe09661dcd8d7f | 6a0728afabfe09661dcd8d80 | 6a0728b2abfe09661dcd8d81 | 6a0728b2abfe09661dcd8d82 | 6a0728b4abfe09661dcd8d83 | 6a0728b5abfe09661dcd8d84 | 6a0728b6abfe09661dcd8d85 | 6a0728b6abfe09661dcd8d86 | 6a0728b6abfe09661dcd8d86 | 6a0728b7abfe09661dcd8d87 | 6a0728b9abfe09661dcd8d88 | 6a0728baabfe09661dcd8d89 | 6a0728bbabfe09661dcd8d8a,1778854086,False
电路理论往年题,6a0728c5abfe09661dcd8d97,69d4df260ade361580f16ad1,13,69d4e0020ade361580f16aee | 6a0728bcabfe09661dcd8d8c | 6a0728bcabfe09661dcd8d8d | 6a0728bdabfe09661dcd8d8e | 69d4e0070ade361580f16af2 | 6a0728c0abfe09661dcd8d8f | 6a0728c1abfe09661dcd8d90 | 6a0728c1abfe09661dcd8d91 | 6a0728c2abfe09661dcd8d92 | 6a0728c2abfe09661dcd8d93 | 6a0728c3abfe09661dcd8d94 | 6a0728c4abfe09661dcd8d95 | 6a0728c5abfe09661dcd8d96,1778854096,False
电路理论课程资料,6a0729fbabfe09661dcd8e3b,69d4df260ade361580f16ad1,22,6a0728c9abfe09661dcd8d9a | 6a0728c9abfe09661dcd8d9b | 6a0728caabfe09661dcd8d9c | 6a0728cdabfe09661dcd8d9d | 6a0728cdabfe09661dcd8d9e | 6a0728ceabfe09661dcd8d9f | 6a0728cfabfe09661dcd8da0 | 6a0728cfabfe09661dcd8da1 | 6a0728d0abfe09661dcd8da2 | 6a0728d1abfe09661dcd8da3 | 6a0728d1abfe09661dcd8da4 | 6a0728d2abfe09661dcd8da5 | 6a0728d3abfe09661dcd8da6 | 6a0728d3abfe09661dcd8da7 | 69d4e0050ade361580f16aef | 6a0728d4abfe09661dcd8da8 | 6a0728d6abfe09661dcd8da9 | 69d4dfd70ade361580f16ade | 6a0728d7abfe09661dcd8daa | 6a0728d7abfe09661dcd8dab | 6a0729faabfe09661dcd8e39 | 6a0729fbabfe09661dcd8e3a,1778854405,False
第12章三相正弦稳态电路,6a0728c6abfe09661dcd8d99,69d4df260ade361580f16ad1,1,6a0728c6abfe09661dcd8d98,1778854097,False
第十一章振动部分,6a0725f6abfe09661dcd8bae,69da32c2bdc30a449663e97d,1,6a0725f6abfe09661dcd8bad,1778853376,False
第四版_Neamen-700-1395,6a0726c2abfe09661dcd8c4b,6a072686abfe09661dcd8c2f,1,6a0726c2abfe09661dcd8c4a,1778853581,False
第四阶段 音响放大器设计2025光电,6a07269dabfe09661dcd8c3b,6a072686abfe09661dcd8c2f,1,6a07269dabfe09661dcd8c3a,1778853543,False
线代串讲_廖乾超,6a0725ffabfe09661dcd8bba,69db60da8829cfa84be38d5a,1,6a0725ffabfe09661dcd8bb9,1778853386,False
置身事内 中国政府与经济发展【复旦经院“毕业课”解读经济生活背后的政府角色。罗永浩、刘格菘、张军、,6a072a00abfe09661dcd8e41,6a0728e6abfe09661dcd8db5,1,6a072a00abfe09661dcd8e40,1778854411,False
计算机复习资料,6a0729ffabfe09661dcd8e3f,6a0728dfabfe09661dcd8dac,3,6a0729fcabfe09661dcd8e3c | 6a0729fdabfe09661dcd8e3d | 6a0729feabfe09661dcd8e3e,1778854409,False
计算机实验资料,6a0728e1abfe09661dcd8daf,69d4f5df6bad0622e6cc9a59,2,6a0728e0abfe09661dcd8dad | 6a0728e1abfe09661dcd8dae,1778854124,False
计算机课程资料,6a0728e5abfe09661dcd8db4,6a0728dfabfe09661dcd8dac,2,6a0728e4abfe09661dcd8db2 | 6a0728e5abfe09661dcd8db3,1778854127,False
近现代史复习资料,6a0728eaabfe09661dcd8dbb,69e35fc4620074080627cfb3,5,6a0728e7abfe09661dcd8db6 | 6a0728e8abfe09661dcd8db7 | 6a0728e8abfe09661dcd8db8 | 6a0728e9abfe09661dcd8db9 | 6a0728e9abfe09661dcd8dba,1778854132,False
量子力学复习资料,6a0728f4abfe09661dcd8dc4,69e5ef200971532697c9a315,8,6a0728ebabfe09661dcd8dbc | 6a0728ecabfe09661dcd8dbd | 6a0728edabfe09661dcd8dbe | 6a0728eeabfe09661dcd8dbf | 6a0728efabfe09661dcd8dc0 | 6a0728f1abfe09661dcd8dc1 | 6a0728f4abfe09661dcd8dc2 | 6a0728f4abfe09661dcd8dc3,1778854143,False
量子力学实验资料,6a0728f7abfe09661dcd8dc7,69e5ef200971532697c9a315,2,6a0728f6abfe09661dcd8dc5 | 6a0728f7abfe09661dcd8dc6,1778854145,False
量子力学往年题,6a0728fcabfe09661dcd8dcd,69e5ef200971532697c9a315,5,6a0728f9abfe09661dcd8dc8 | 6a0728f9abfe09661dcd8dc9 | 6a0728faabfe09661dcd8dca | 6a0728fbabfe09661dcd8dcb | 6a0728fcabfe09661dcd8dcc,1778854150,False
量子力学笔记—冷轩(宁波大学物理与技术学院，讲师),6a072904abfe09661dcd8dd4,69e5ef200971532697c9a315,1,6a072904abfe09661dcd8dd3,1778854159,False
量子力学课件,6a072903abfe09661dcd8dd2,69e5ef200971532697c9a315,4,6a0728fdabfe09661dcd8dce | 6a0728feabfe09661dcd8dcf | 6a072901abfe09661dcd8dd0 | 6a072903abfe09661dcd8dd1,1778854157,False
集成电路学院2025年考研手册,6a0725c1abfe09661dcd8b70,6a0725b5abfe09661dcd8b64,1,6a0725c1abfe09661dcd8b6f,1778853324,False
马原复习资料,6a07290fabfe09661dcd8de1,69c8dc5118bb3af86d7b7d1f,17,6a072905abfe09661dcd8dd5 | 6a072906abfe09661dcd8dd6 | 6a072906abfe09661dcd8dd7 | 6a072907abfe09661dcd8dd8 | 6a072908abfe09661dcd8dd9 | 6a072908abfe09661dcd8dda | 6a072906abfe09661dcd8dd6 | 6a072906abfe09661dcd8dd6 | 6a07290aabfe09661dcd8ddb | 6a072906abfe09661dcd8dd6 | 6a072906abfe09661dcd8dd6 | 6a072906abfe09661dcd8dd6 | 6a07290babfe09661dcd8ddc | 6a07290babfe09661dcd8ddd | 6a07290cabfe09661dcd8dde | 6a07290dabfe09661dcd8ddf | 6a07290fabfe09661dcd8de0,1778854170,False
马原课程资料,6a072914abfe09661dcd8de7,69c8dc5118bb3af86d7b7d1f,6,6a072910abfe09661dcd8de2 | 6a072911abfe09661dcd8de3 | 6a072912abfe09661dcd8de4 | 6a072913abfe09661dcd8de5 | 6a072914abfe09661dcd8de6 | 6a07290fabfe09661dcd8de0,1778854175,False
（定稿）2023级电气信息分册 (1),6a0725d0abfe09661dcd8b84,6a0725cbabfe09661dcd8b7e,1,6a0725cfabfe09661dcd8b83,1778853338,False
